customer_id,first_name,last_name,contact_details
3ae997bb-367f-4134-beff-ee6aae3b6ba5,Melanie,Sanders,997-268-1549x838
d79d582a-f611-440e-bb17-7525280821e2,Robert,Wilson,885.755.3328
88af3beb-72e9-4421-be3c-0efabb377c79,Sarah,Weaver,001-395-471-0659x807
e6bb612f-5c68-4b00-8552-e911e065a872,Brandon,Robinson,9479705710
5becdd5a-cfc8-47c6-9285-83c7cdbfb24c,Lori,Watkins,401-243-4369x54769
710b1e44-4255-4d55-b1e8-e76b675e4d3c,Joshua,Scott,566.803.8379x10676
2acf829e-13ae-46a1-b03f-a2daf29472d7,Margaret,Mitchell,574.574.7806x30136
69538c9a-a54b-4946-9eea-170b500ecf89,Karen,May,(611)760-5823x46659
4f868c9c-eb27-4350-8b95-9410fd4d91d6,Eric,Molina,+1-885-658-8638
388db798-e8bd-417a-88b9-dcc60d51caf5,Richard,Lopez,295-510-3028
e8d46e28-93c4-4455-9d91-4fb6beed86a7,Debbie,Crosby,605.885.0416
a6ee7e69-5425-4bf2-91a1-3ff9a433f726,Dennis,Sharp,591-642-5837x371
916166a7-957c-4770-af0b-692f37b2ef42,Teresa,Jones,(862)792-0978
8ab3b68e-5154-47df-b198-9b1ae0cc1232,Meagan,Chung,+1-998-814-8662x16381
82b2c8a5-25ce-4708-8ce2-fdc92ccab6bd,Nicole,Lee,580-436-5828x1942
ab905cf0-a9d9-4415-bf06-31d97946b99e,James,Thompson,(812)842-0551
d8a3f3dd-7d6a-4ca0-b851-ef0e72f1e558,Shane,Hanson,(508)769-0770x1171
ea56e678-cc01-404f-be4f-2156da3d0080,Leonard,Mckinney,569-206-5302x2628
b6fb4eed-6b8e-4fda-b769-80eabda41a9e,Daniel,Smith,762.298.2575
157eedc9-6d9a-48c2-8c18-c4ec63b8b1fc,Crystal,Guerrero,539-685-8524x20293
83c4c386-3f47-41b8-bcdc-456defba9bca,Sarah,Hill,(851)269-9820
0131cb0d-7696-4108-9679-a7596f2cf7f7,Lori,Alvarez,935.774.0812x98657
9f9308a0-ad56-4505-9487-a13b577a9c4b,David,Palmer,658.642.9385x88198
53df6f4a-07f3-4d7d-986a-f85fe0879f04,Tammy,Baker,6254754634
0d59be79-dda8-4968-8d1d-a4425e1bc174,Ashley,Powers,909.930.4220x2974
73deda7b-54ce-41ac-b7fa-8e292729f0ca,Crystal,Kennedy,994.379.5106x41427
27151038-9692-4ac8-85f8-2e8abe273a0f,Nicole,Mitchell,248.384.1338x330
56a87f92-9803-486d-9393-1d9455aab738,Kyle,Spencer,001-928-295-0163x41169
22f684d0-8d84-4516-9225-2339628e57df,Gary,Hernandez,761-380-0383x83889
cf261a97-f540-4760-b676-d318d6f1e47c,Stephen,Fernandez,+1-315-214-4481x770
5e79ecca-21aa-4565-8052-cb370ba4b098,Elizabeth,Walker,+1-793-332-2408
139502ac-d3fe-4776-adc6-e232c31fa94d,Dawn,Simmons,998.428.5294x513
623481cc-8eab-4f02-b552-991f86483315,Theresa,Vargas,+1-944-454-0178
e5c07f27-6d8d-4a1e-a070-79d09a9010ed,Emily,Joyce,2474821082
25835842-f1a5-43ae-9012-e4f497fb5632,Tyler,Gilbert,001-581-943-4620x606
1783b30b-66cb-42b9-a733-188473a1524e,Rachel,Garcia,(338)331-2531x38927
83ba7725-cf68-4c4b-8335-75656b258bad,Sherry,Smith,460.771.6471x570
1b3c3485-8162-4e18-9921-e0439ebb2276,Steven,Edwards,7324101956
710bc1f2-49fc-4638-be4c-ee2771561d80,Ryan,Hahn,(542)253-9504
2259cdf0-23fd-4c50-b0b0-91c2c92f6103,Bradley,Lee,001-673-784-0308x9038
56c00936-aae2-44cf-8b66-1c31db8e6b9a,Joseph,Smith,(451)428-4551x023
2b6073c8-df92-43a5-a428-9180b42510cd,Timothy,Hall,001-251-961-9988
7874784b-89a8-416e-99f3-da5cba49029e,Joshua,Wright,(399)858-6941
8b92189d-5fec-4ba5-aab8-6f62e66a31aa,Mary,Acosta,001-710-375-8648x9714
5baff48c-51d1-4e16-9a33-36b748e8d056,Richard,Williams,920-832-2464
8aaa50b6-2897-47c8-9e03-8e5121757ac6,Brandy,Jackson,001-584-654-6821x4357
845f1359-eb60-4b4f-b7ad-9fb4e0edb4ae,Franklin,Oconnor,4792666154
fcc59edc-c001-43ba-a440-b3914d543cbf,Devin,Hill,001-838-409-7861x80512
f63ed668-ae33-4dd2-a694-e1bfe25c93fc,Meghan,Dalton,782-772-4592
e688e430-a72a-4795-b516-62bf7df3db18,Daniel,Beck,597.648.1533x598
0eeb47fc-00d1-4029-9ff3-8b58edc4f5bd,Joshua,Orr,001-499-291-8241x7459
e4bfcc83-e0ca-4afd-95eb-c5c15e407ac1,Robin,Gonzalez,+1-620-480-6054
166541be-db26-4812-b65d-ae3e67887777,John,King,+1-453-553-9258x834
6d6a246e-0d01-4dc8-a1df-0dc87948f8bb,Tyler,Duncan,+1-251-482-3830x27986
b7e2e5be-12af-4982-965c-7c9cd3ad896d,Breanna,Edwards,(744)634-3795
da38e177-8eba-4c8f-ab91-ae36cc7270a0,Jessica,Stewart,781-707-4870
e8f2244d-d644-4a73-9ff3-1a8e84c16217,Margaret,Ramirez,404.963.0550x080
5bffd0bf-58cb-4fd2-ba15-457fd6eb4e6c,Lisa,Johnson,+1-490-358-1493
3f7b759b-4ef7-4f51-bef6-2151db93d6b2,Joseph,Baldwin,(713)901-5805x99381
34a8f9e2-761a-4a31-8fba-3264cbe604ef,Crystal,Richards,860-201-5105x372
08728668-01d1-4b8c-ae17-7b95312bcfa6,John,Lee,670.936.3888x31300
bd4e43ef-6c04-4b39-b9e4-e2c0050936c6,Timothy,Hartman,831-226-2087
e53b66f5-b4cc-4d5d-8730-45624cfe69ad,Tom,Logan,647.351.6340x4014
6b686153-d5bc-4c0b-85b5-b73d7afe4943,Jeffrey,Brock,221.891.9998x715
bb406a22-2a37-4202-b9d0-09f7775b5d7d,Alex,Watts,+1-824-278-1026x7957
b6be8698-f700-45c0-98c8-f74d551cb594,Amy,Wright,001-993-609-4302
6d37def0-0157-4992-91cc-0c3c69a46bdf,Samantha,Aguilar,001-672-338-4776
d449010c-dc82-4911-8118-4c6e285959af,Carlos,Jackson,(536)871-9838x086
35b70e2a-256c-4b03-9350-1d52c15b633e,John,Washington,(629)732-5419x013
dc99dfda-4859-4cc5-9acb-0b0b983c13f0,Jennifer,Hunter,+1-428-766-0421x7169
ef3030d5-1f15-403b-b1c6-ac635e7d1a4b,Ricardo,Peters,(350)420-1145x8392
a7ed3dfb-2f40-45dd-aaba-f4b6eb837d33,Jessica,Hughes,(476)648-2099x32823
dd6c06ce-51d8-4145-9f20-eb43fbefb2b1,Marie,Werner,(307)757-3582
bd105c8e-2801-4478-bb1d-dcba486c9de1,Emily,Holland,682-632-8035
8ac74c8b-8c52-449a-a639-2e8ed75f5046,William,Cole,+1-934-519-9702x5696
6451a03c-40e0-42c0-b96c-ba51b1e8ed51,Michael,Harper,9295812536
1206cfab-bd45-4e04-8115-7bd93058c6fb,Barbara,Moore,001-274-801-1164x572
a6501a00-7e74-4af9-8c85-5ceb524e2f71,Donald,Mercer,001-687-828-2145x2834
92c30355-f42c-46e3-9359-42bd6a4763a3,James,Li,(486)328-8658x2411
db5d3730-3ef0-4b18-9055-36975fc5eda6,Jenna,Booth,917-471-4090
37328897-406d-4b73-8466-0ad7f2ea1e6b,Debra,Coleman,3194488518
434e4d55-f9ca-4526-8f09-1676ed1eab5a,John,Rivas,718-342-6395x70572
a10b6fd3-5158-4b0c-8029-41e3b9c9b82d,Travis,Robbins,(572)421-4746x611
599f3635-a9ce-4fb2-9615-9e1a1ec53e18,Lawrence,Garza,001-855-325-5697x63103
43fe4d3d-0df6-4abc-912e-f882f78cee85,Matthew,Patterson,(301)758-8203
1bc94f8c-ec9c-454c-8543-cb648c401123,Paul,Cobb,001-861-872-9364x09575
63bec9f8-fa99-4181-9a62-b4fb6470b83e,John,Moore,(706)440-2422
fab5b436-5ec6-41d2-96de-f47b1c9e3403,Valerie,Hicks,001-527-791-5847x3178
01e87d2d-2271-433c-888c-80ac6af73e88,Michelle,Smith,(422)205-3673x633
127d8438-5270-4001-bd0a-8a8fccaead31,Theresa,Gordon,(817)506-2278x12220
99495d18-227f-4727-ad56-07be8dcfb50a,Matthew,Smith,514-828-6291x42111
fd637ad9-e72e-4d0e-ad83-cf4290df6508,Jennifer,Gonzalez,(374)542-8626
ab10fca9-a1c4-4123-a2cf-0f9cb563c70d,Christina,Gill,+1-848-661-6160x9514
23ae3d1f-e16f-4fe1-8970-7905c39b9814,Kimberly,Stewart,801-560-1981x77658
86b62ac7-6dbe-49e7-af02-caf029bc7b8d,Kimberly,Miller,001-523-791-3536x839
d03319d0-3ce7-4d83-a183-1880377da589,Nicholas,Williams,+1-539-642-9605x74297
79aa7cb1-1930-462e-be5d-1698aeb12ebb,Christopher,West,(906)730-6659x619
b97cfcf0-87ad-4317-8708-c2cd70c33e3a,Anthony,Douglas,+1-820-274-4053x5852
1341cd7e-2ae3-40af-87bb-75afde1f22f4,Tyler,Zuniga,958-980-8560
3b60ce3a-1381-49ab-a9ca-d36cba9c49d4,Julie,Gibson,550-227-5980
290e3f69-333d-4a28-8af2-9af3578ba9cd,Andrew,Hodges,001-248-626-2566
a97a34f0-a204-4a3a-8e3a-c51a9ffbb3d5,Tammy,Booker,+1-624-200-4846x249
d076b41b-ce42-44fd-8124-26c502c2d8ec,Francis,Evans,866-908-8301x320
fd005708-1dd0-48a1-a372-152e285073fc,Emily,Reyes,573.584.1870
09d36798-49e4-4c87-be20-4bbd5aa90954,Michelle,Clark,7437261065
91e10226-0a91-4c3f-860e-d773db328668,Kayla,Perkins,5914648150
7927d2ba-ea46-4a5f-a2da-bb6689311dda,Kyle,Tran,+1-418-988-0847x9355
8f7b9ac4-b3f4-4e60-9535-623c3fd7a70f,Jesse,Shah,469.731.3257x8952
274903a8-1543-4f6e-957c-3db39f2b6046,Dawn,Mccarty,001-929-276-4292x794
d8d71628-6b7d-47ee-8194-b256ff2125ea,Joseph,Espinoza,9176998031
2a42cb9d-b4b2-42fd-be47-42cd529aea77,Amanda,Howard,354.972.0974x11420
75094787-845b-496f-bd36-29904c912244,Nathan,Thomas,9809053615
a1809af0-0270-4861-9235-7deaa4f94dc6,David,Jackson,(217)790-0769
7dbc2267-08e3-45f3-b88a-6a5cc72e2893,Marissa,Miller,343.770.3582
5d4a6022-1519-44c3-8929-4fff7ca0ee06,Benjamin,Campbell,001-802-413-5863x9310
454098da-d3f3-4fee-b804-eb22cbd65130,Brian,Rich,3318478364
2d0b599b-c4c0-4813-9188-1868389f9ebc,Daniel,Macias,726.841.5426x55712
8cfe54bf-7415-49cb-9f3e-edf5bfacdd12,Xavier,Murray,(780)998-6872x4444
a617d94f-5d8a-4eda-9a27-5f36d6a70333,Jennifer,Andrews,891.947.5935x164
e5fdf0d9-2171-445d-8b33-650426f1e1be,Charles,Davis,445-861-8172x001
6ce6fca0-ff59-45fa-ab43-f91213b506bd,Donald,Hardin,(203)814-3026x62371
d13df468-6740-4921-acd7-9134f6c307bd,Jessica,Montgomery,+1-313-591-1968
7c0bfd5b-c95a-4508-a1fc-3d51e9b180e3,Brian,Richmond,790-636-5251x41326
46f492c9-0e08-4373-b7e3-76197ac6a712,Kelly,Taylor,435.978.8557
95744e85-e2cd-4ccf-8160-fd541e5dbf13,Jamie,Roberts,(340)780-0838
770b6f2c-6a25-4c92-be68-267197bdbe68,Richard,Brooks,(971)767-7937x02700
b43cb97d-914d-41b4-b2a2-10ed14a8b7f2,Jason,Pope,586-757-4410
0673f552-8c5c-4b41-9ef8-8ef2f3860238,John,Medina,4926993191
41bde6b4-23aa-43a8-8a9f-b6130d473621,Jimmy,Arellano,001-658-715-2981x512
6767200c-975e-4b66-9b80-034a36fb7df0,Elijah,Mckinney,622-663-1421
4d08b346-c13d-47cb-af24-562fb4f91dab,Brittany,Owens,001-899-403-4037
52622e75-ea1d-45a5-8cf4-152abe513d7a,Ronald,Mitchell,001-445-214-8111x256
c9201d71-29d7-4f1a-88bb-e71fc72c768d,Cynthia,Castaneda,+1-569-916-3514
648048eb-0edc-4699-816a-f4d37c23d649,Kimberly,Velazquez,+1-467-553-0362
ca99e7ca-0cca-4b7a-889f-9a26839fcedf,Jennifer,Porter,(493)632-0977
7710353e-9f82-4a8a-9bf4-a0ffec3c6bf7,Karla,Flores,468.328.4093
f6366b76-81b0-42a8-b8f8-4bec0a8a62c3,Travis,Maldonado,423.225.7074x0940
62e57df8-685c-4529-adc5-3b54b35cf855,John,Garrett,3989654483
b7afef84-7e41-408c-abc3-2fe75225392d,Diana,Delgado,(273)357-6068
10bf618e-fa99-46dc-b212-8d083288b4c5,Nathan,Bell,797.783.9602
8745eddd-141a-4725-91f6-7caa130e8643,Tina,Mullins,9866947965
68b1b240-b606-409b-a940-9e9b410af48d,Shannon,Williams,(657)473-6190
63adf547-914c-4208-b4a7-2d5aed047644,Cynthia,Potter,(379)471-6331x22222
e5358429-829b-48e0-8c01-f8e5e3921782,Sara,Roth,+1-847-925-8809x3823
fb84e480-90ac-45a4-9741-8efdd1a11268,Kari,Rodriguez,(931)998-6282
dc7cf764-6632-4e49-94bd-c25bf794d82f,Susan,Tran,9266799345
b2edc8ec-fd9d-4b36-b3fb-9c4799305b04,Jonathan,Bailey,(386)756-8003
97bcd4eb-a94d-405e-b699-abac8b2ab2a6,Brittney,Cobb,892-279-5348x1168
5e78ea62-9a05-4d43-a2a6-e5a3733bc48e,Kathryn,Martinez,(525)409-0100
486c78e2-90ef-4323-8a25-b261257452fe,Whitney,Wolfe,(719)401-2892x839
cef54620-ec69-4ff6-963c-196578587e0d,Nicholas,Miller,001-336-630-5744x1632
473e968d-07e6-4d30-8907-07246fa475c1,Anthony,Rivers,+1-524-911-1173x6128
5730d821-db02-430d-9301-0853dad1cdc3,Ryan,Bernard,(457)360-5907
359f9e7b-ff75-4efc-b809-651640564eaf,Donna,Fisher,+1-252-871-0419
53ff0871-4a3e-451d-bf80-c94808e131d5,Jennifer,Brown,001-505-249-8487x1407
644cc304-1481-4fe2-93cc-b5f3b506499d,Elizabeth,Wagner,460.633.3733x853
67bc8c52-30ad-4752-99b9-5906bf40d38f,Audrey,Martinez,001-767-250-0741
c9a3c6d8-206d-4562-a3c2-84cf6d0db351,Maria,Mayo,+1-693-414-2495x1164
9e83e8a0-983f-44fd-b4ca-221c22ed59f2,Robert,Brooks,638-441-6875
b463197b-e7d9-40f9-96c0-d4b8848d10ae,Alyssa,Johnson,001-644-223-3475x737
698f2e6d-7acf-454d-8636-4fb5c9294823,Donna,Thompson,+1-551-593-8554x05926
6bdb85dd-0217-4958-930f-d1d47501c4a8,Christopher,Perez,969-492-7761
6466fc86-7ff5-438d-8e05-35cb6cb710d9,Kevin,Mata,263-832-3972x079
5e3e8228-2015-4100-afe6-f4534e1876d1,Angela,Sawyer,(904)626-2950x2887
40f03769-84f5-4edc-920d-613e36a2cfd1,Joseph,Ellis,(862)737-3010x501
e30bda41-1d4d-45cc-b829-f6a5d4359837,Jason,Mayer,481-496-1553
41c9496b-cdcf-480d-bfdc-8b8c62e4c500,Mary,Diaz,(323)780-9886
e1be5947-c281-4668-a45b-a3bb3499aab8,Julia,Burch,(803)832-9943x51426
246e48e1-39a9-4a13-81b4-4e1de7618656,Anthony,Mcmillan,766-914-1131x6034
08d3d737-939d-400f-9ab8-d69334650dea,James,Delgado,(257)797-6339
31539027-dfe6-4e81-8bb8-6c44922d165b,Mark,Barron,8239807342
47128c0c-8d5a-436e-a067-8e9362e89ad1,Meghan,Fowler,346-716-5963x145
537d69b3-541b-4745-9731-2c8c6007f8ca,April,Stevenson,241.345.8562x780
17267036-1d33-4b77-8fd5-3aa14d5bb18a,Travis,Lara,7789578692
4174e24d-beb2-457a-862e-8ca6f8d64758,Douglas,Carter,487-541-4533x95415
6ab8c6d6-24bb-40b6-a9e5-91c0c5d05cdd,David,Schneider,718.549.0011x9190
4cf7774a-f161-46bb-ac5c-321ba0452506,Amy,Burch,756-759-3676
14755073-f9d3-4c73-9be8-36f9b44cb939,Rachel,Wagner,(955)680-5514
c858fd12-1aff-4154-9f13-c29f0292c574,Michelle,Hall,410.243.8258x878
e44398d4-be12-4dad-be56-be36dae45b03,Claire,Mcclain,397.819.2111x15141
d14dde1d-5a01-4ec9-ab8f-43b9db3f77cd,George,Brock,7379456331
68979e7b-c058-45dc-b17b-4db1c3f9540d,David,Nelson,(901)627-1970
bec03c83-976d-45fa-8c72-ff2df187fdcf,Luke,Hardy,001-495-565-6896
8cc9fe38-ee7c-443b-9bb6-49fd64afd6c2,Julie,James,9203827482
6c5a2238-c3dc-4669-a557-5a8840e20eea,Christopher,Yoder,485.318.6483
c6fd13ac-af54-4dd9-a8c8-99b724da2905,Brandon,Carson,+1-822-499-7371x81335
00771547-08cc-4058-bddf-f3a58986cc6a,Frederick,Miranda,804-284-2664x73195
6615da61-8b6c-4c36-a277-5a4f5a8563fe,Dana,Hughes,001-493-888-9621x5025
f06dcb3e-76a8-4bf3-9324-4e1339d762df,Lindsay,Lopez,884-312-5860
5d8971b9-984e-4c04-a161-08bcd2e07f44,Douglas,Hamilton,+1-247-900-9449x51982
fd83838b-769b-44e4-b30e-144f8be9c202,Karina,Buckley,001-691-641-5773
0a93d21e-c015-4c05-adbc-3e8e01de9903,Jeremiah,Davis,584-299-4357
a6f87812-fff4-4326-88f2-1ce22fad77fb,Elizabeth,Buckley,(217)964-9951x74045
ebf32fd8-f993-4d36-9b28-dfe49ee1d095,Virginia,Miller,001-712-432-6953x6378
aea03f31-82ed-44b2-bb56-e6d08b26818b,Spencer,Delgado,465-753-5581x3470
dafb32a9-dd1b-4454-8bf6-38cdd11f2a47,Kristen,Stevens,+1-308-312-6094x2570
792fb4c2-164e-4caf-aa76-c8d1c33a0d33,Madison,Reed,(673)455-3312x238
9d3bccf8-4f7d-464e-a7bf-6943c7072537,Joy,Vega,(516)319-3596x5333
8659d41e-f329-4239-8263-0301ae42174b,Scott,Morris,4162602824
01ade09d-4b28-4035-80c6-3e7c3d591131,Amanda,Martinez,325.924.8198
c20bdf8d-9cfc-410d-9826-e3842fe594e1,Andrea,Wade,+1-789-581-3372
fe57ed17-fb24-428e-9f82-eea1170d1e03,James,Hunter,+1-689-509-7634x14670
d00a5dea-74c4-44f3-9608-855b3fdd4a7a,Bryan,Beard,001-901-603-9386
af631a3f-8ca6-4bad-a65c-c2bd8383fb40,Jonathan,Delacruz,(953)232-3279
d94cfaaa-f816-4c35-84fb-a4ffb1a7c4b8,Kelli,Barker,562-347-3781x17289
f69ace5c-bc71-49ca-8248-ff227c899eba,Curtis,Howe,+1-579-818-7860x752
9142ac4d-94ae-404f-8f53-9338b5feb9ff,Kimberly,Higgins,869-313-9461x597
dc487131-335a-4998-988c-a1109397913c,Michelle,Osborne,001-929-474-7949x9392
06c23056-d660-401a-ab74-2e886edc8aac,Clayton,Singleton,(681)845-0001x61693
f26c232c-872b-455e-b2bc-4a1b44dd80e1,Jack,Torres,(376)643-0054
28c0050b-cf14-4f73-9836-5566b14b215a,Steven,Carrillo,(910)660-1978x15706
6e5d8693-34fa-4780-b2c0-9bda8f400abc,Riley,Flores,+1-315-738-4015x2394
8f40cfca-206d-41a5-a285-cf14498b9892,David,Wong,255-388-4152
dbec5097-cd16-406b-bbd2-04223c31582a,Steven,Hull,224.551.7425
606b409f-f56e-4ace-bb12-91b774b89759,Jennifer,Sloan,407.577.1570
d333c345-0a99-418f-8120-5ff0831cb5ab,Danielle,Griffin,(282)215-5572x8905
0c21bdd8-2739-4bc1-b9eb-c5cca14f2aad,Joshua,Clark,+1-477-927-1201x625
11b44dc1-d09a-4f28-9bb9-1bc065dc500b,Ryan,Armstrong,755-624-9831x06985
0c3ac567-1faa-4fe5-bd80-3df1a8e69f8f,David,Simmons,(680)852-8882x72173
e683b9fd-107a-40f5-ac01-3e938f56ae08,Deanna,Cameron,(672)633-2456
a0f07d35-3813-40fd-96e3-258e7ef545a8,Kristen,Gomez,9794222198
3cc988f4-dfd4-41b4-9d1a-d7474cba9039,Melissa,Brown,(378)254-0062x4835
d04945ff-dd36-405c-a59f-0ea995e2c129,Edward,Anderson,258.760.9833x583
339d53fc-f7bd-4fce-8bb2-364faddf4710,Jacob,Fisher,466.989.3160x1871
33a8a39c-c562-4e9e-8c23-2a6f0f660105,Tyrone,Johnston,585.734.5592x913
320207a2-064d-4b8b-9473-f22e1ae1bcb4,Megan,Armstrong,(307)547-3769
5b21c91d-cfbb-4174-9fbc-365efa59b329,Kenneth,Hall,(656)907-3586
37816d7c-a2b1-4c01-b5e0-2dc0cf7df851,Shannon,Jacobson,+1-281-580-6398
006a394e-654f-48d1-bc8e-5c8397d745af,Patricia,Hartman,209-537-5986x5566
e27fbe07-48ff-46e2-9cd5-bbbb0a150f89,Sherry,Tanner,001-443-698-1941x300
03db02ee-4d84-45ac-8593-d214781f7a8d,Danielle,Haas,(292)569-9132
040e7aab-9f2c-4989-9834-c3f5bafe446e,Michael,Woods,(437)391-8063x0707
3e4ca215-1aa5-4cbe-9e7d-b28c03b58360,Allison,Whitaker,+1-593-757-8110x686
bcb3d4b8-45ce-4b72-a22d-83e1ad7c1863,Raymond,Watts,800.211.0841x50972
a4b687d9-331c-4057-8c27-3801db218355,Linda,Castro,(493)406-3767x83874
ece6fa57-4aec-4b55-8503-b37c12909659,Morgan,Soto,213.485.5087
4819a8f3-9509-4996-a7a1-d9610853662e,Anita,Mata,(965)330-2766x668
45d5bcb1-0bd2-432e-abd2-89a27e84b332,Lucas,Holmes,525.784.2028x17165
227624f5-ebe2-4f22-855d-6e864f3a3a4f,Christopher,Valencia,001-339-228-7832x46145
a70c388f-025d-4c2d-a392-9592251c666f,David,Dawson,(779)519-4757x477
e808d8b6-951d-49c5-a96e-29cec91b77ff,John,Stanley,348.691.7174
53af5128-d3f7-44c7-bb85-a2f7a6092c01,Heather,Newman,001-569-471-9170x399
4028e82a-5c65-44b5-ad57-3d1b0c5cb058,Richard,Shepherd,+1-297-428-9023x1378
e5208e3e-5da6-4ab6-b07f-c65d6f16bcc4,Stephanie,Johnson,843.516.9120x59295
d4ae2cc8-169a-43c0-be9e-e8c097a71850,Jesse,Chapman,(758)563-6043
1b99f5af-01ed-470c-a93d-b366ab25f45e,Carol,Davidson,+1-592-389-1288
55e39f8d-7d24-4310-bb07-b458dab1734d,Stacy,Wolfe,9273639485
3841c566-9823-4865-9a91-e7f701526f61,Stephanie,Klein,960-451-4257x521
b415f86a-d0e3-4546-bc4b-394fa1cad7ff,Lauren,Hancock,(871)761-4890
0580797a-8e66-40db-871e-e1cbb1840f0c,Christine,Rogers,725-526-4863x4765
851b0bab-6654-457d-91f3-f6229be57ebc,Gail,Parker,430-979-7333
dd41af0e-55ba-4942-85db-02a82bf4450c,Jared,Johnson,(518)942-9750x4676
0cb0677e-1812-4728-9c28-fff512d4a153,Monica,Hill,871.770.2210x81520
dddad3c8-3c5d-4a42-b83f-d413e1fba87d,Amanda,Turner,774.285.4951x7770
b6da57f6-c0f4-4ade-ac2f-c1310ed52cd0,Anthony,Austin,(749)334-8844
5a2ec13d-7e18-45d8-804f-cc4e3d0baeed,Jordan,Bentley,7967779388
79890f11-ad9d-4e74-b362-8f5de1d19c66,Jasmine,Baldwin,(215)889-8260
5d16d839-b433-47ee-9d02-285efe5a5714,Melanie,Odonnell,+1-445-834-1363x1268
10e3950e-b420-4849-8b67-8fbbb868d548,Julie,Taylor,541-374-3128x113
7f69c25b-2f0e-4724-b2c0-8295ad018417,Robert,Stephens,518-648-4557
f236e3b5-b55c-440e-a30c-c29c177c44a2,Ronald,Perry,714.282.4375
a3dac731-20c4-4754-bfb6-d12b7d195c3a,Troy,Mitchell,550.631.4396
50aa5c5a-a471-4b57-bf7b-0eefa50fa3c2,Janice,Torres,342-490-0098x267
e02a72b3-b7ab-464f-914a-354ec2ffc724,Sean,Gonzalez,001-955-316-5297x0192
89ed32ce-efa5-49c8-8588-966ac8acb1bd,Vicki,Gonzalez,601-244-2977
8e744893-3be1-48c1-aae5-6a44c2b50cbf,Derrick,Orr,001-893-846-9889
29f1aa82-d471-465f-b591-3fceaa191ddc,Elizabeth,Gonzalez,001-484-241-0274x584
3b545d18-0456-4141-91ba-a5f506007082,David,Herrera,7503164841
c0f55844-cd35-45f0-9eaa-9d5aa039b1f6,Chris,Harrell,680-977-1725
e42ed8fb-e1a1-45e5-8196-baee329c175c,Angela,Meyer,8628648642
ecd1c27c-5e5f-4f9d-98c7-6623be4f7188,Jessica,Whitney,354.653.4632x5914
b149007a-e553-47ec-a5b6-4785403d824e,Bryan,Hubbard,665.240.3275x824
efade76f-2aa2-431c-a54c-abe5faa6c77c,Debra,Johnson,(311)983-8458x8089
fa2e9cf2-801e-456c-877e-bf4df759483a,Scott,Griffith,001-358-874-2688x63980
90e9f7c2-ecd7-4904-aa09-6c2e8507ae80,Lauren,Rodriguez,603-800-3005x06852
4eb13768-735c-4213-a9a1-39fba0b4948c,Sharon,Turner,5988651887
d309026b-620c-45b8-86bd-62e1135d7450,Shannon,Bush,505-576-3864x701
08ea0964-883b-48d7-8773-9f8dc77b82a1,Brandon,Coleman,2894580344
1f7ec2df-288e-4162-8631-0d0cb45aba5e,Ashley,Snyder,001-292-288-8107x9847
167d8a64-10df-42b1-ba8b-9be157e3294a,Scott,Richardson,(590)930-5341x3605
ce789bc9-4d20-45f4-ab75-df763d3a860e,Lisa,Reilly,+1-276-589-0146
b3bffd1f-d0d2-4dd5-aeef-18524484c721,Richard,Guerrero,+1-610-793-4256x14634
b57b7b89-2a37-465d-8c63-2fc12a40cf9b,John,Brennan,001-491-818-8459x250
1c87d710-04e0-4107-9bf0-0179dcc7de55,Charles,Wang,606-531-3540x96943
98def0b3-69ee-494d-a647-238613e8798e,Benjamin,Henry,404.336.7403x01674
88ab555b-01fb-472f-8fe0-969df2e1f133,Sheila,Martinez,001-443-819-1231x81071
af5dee65-40d9-4a9d-8899-a4a8e3779d05,Joseph,Walton,377.947.0586
37632050-dcc2-4a0c-ae8e-8f2b0d26b1fe,Patrick,Avery,246.277.4805
c97971aa-caa5-48c8-b611-5471b55aea76,Christina,Coleman,+1-864-275-7318x7218
28e6f57f-b096-4845-81b9-9d464093f53a,Kathy,Carlson,+1-357-326-6270x4461
d84b3dfc-75c4-474e-a4f5-9354ef2e899e,Angela,Foster,+1-230-201-9763
a403043f-4b89-48e9-84fb-08e157610c01,Matthew,Clayton,239.589.1977
06167984-5cd4-4d44-a6e6-4bcd72e4cf6d,Stephanie,Moyer,(890)923-8842
0709121f-d773-4472-863f-ac4acdb35e0c,Carrie,Mckinney,891-441-8812x23161
b6f2aa0b-aa94-4138-90b7-5c45baa47cd8,Christina,Richards,8998481636
3a3524de-6777-451a-a292-5fa661a88b08,Andrew,Hill,422.968.5927x54565
7a081b1a-ae90-42ac-a4d5-553cf0d42065,April,Vaughn,001-243-222-1614x5162
a0079c3a-1b6e-4718-9628-e8c91fcf0048,Candice,Pena,5342055146
053a80eb-08c6-42ee-b7a3-e9a39de9f048,Isaiah,Wang,7122419538
e0f2f0ff-948d-4252-8554-32cf4a164bee,Jon,Pruitt,764-725-2617x277
eea66e76-5370-4013-805b-5d9561790dc7,Nicholas,Scott,001-367-861-4173x53877
c4e5f01f-b641-4638-9d39-3066793e29bb,Carl,Hernandez,279.766.4495x711
2d4e5f6b-5b86-4a1b-a991-6895c9aab6fe,Tristan,Turner,+1-989-843-5260x777
475a5b19-55c4-4737-9155-2f82018dbcb8,Tiffany,Baldwin,+1-438-699-9739
c362749d-5f5b-4d14-ab02-dd7d31266bfd,Jacqueline,Medina,725-604-4872x9842
3b5342f9-96fc-41c8-8b20-5275912a3a10,Kelly,Davis,202.997.4745x79980
18c5b822-276b-4cb7-b340-fd1cbe653a83,Andrea,Brown,001-482-780-8641
3027b0dd-7e9f-4217-91c4-6f46cfd51bfa,Martin,Hart,+1-825-775-2670
180f3408-34d8-41a3-a551-97b1e4a06f3e,Anne,Thompson,(313)655-6383x237
709e3c92-dcab-434a-9317-8dfca1112ea4,Jeffrey,Nelson,001-448-892-8583x66561
02e4bd6c-a026-4c74-a653-744bbde2f09c,Erin,Grant,421-575-7467x524
d73c16c5-286f-4704-8c13-808de7d352c1,Jeremy,Ortega,+1-651-929-8614x4932
b7d0fd5b-d21b-4757-8b54-a7d2d6049e73,Brandon,Bryan,(855)741-0249x583
be6ed967-3c40-4154-a618-2d4d7be248d6,Ryan,Hamilton,839.724.9469
4d3daffe-024b-46b4-bd71-2e1f67a742dd,Julie,Braun,(935)906-4193
a87ae423-efda-4d31-be6b-0eb4877efd22,Cassandra,Meadows,(559)441-7782x5454
a6a57878-c61e-4820-a323-2fe749446d7f,Rebecca,Curry,482-497-5411x12629
57ec6450-18bd-4887-a6b5-dfb9cc06bc43,Kathryn,Smith,(256)620-8242x405
bfc740b5-c671-4586-99b2-4256f44e7f7a,Christine,Elliott,388.519.2575
403779d9-9417-49cf-a9fa-210f659c4507,Michael,Simmons,001-445-444-3425
edcc4a07-b82d-4d69-994b-517631e5792d,Michael,Craig,855-656-3963x858
f574ba8c-1ba5-4c6b-8ea7-f0f2799ed181,Wesley,Mccoy,(498)623-2478x473
19817021-691b-414b-ab50-ffad61f24132,Roberta,Compton,477.699.8717x538
99f3eea1-0a4d-49c6-a466-387f3ced75e0,David,Powell,459.910.4876x781
fd25eee6-34c8-4747-8f1e-a6e51982f9a4,Alexander,Hernandez,711.595.8300x105
7db571d8-221b-47d1-ab21-3dd4c1c358cc,Kristin,Turner,+1-924-217-2714
345de810-0b78-46f3-96b4-ec3c2a5c9ecc,Samantha,Cantu,(730)541-9692x8953
b4fd973e-56d3-4561-94f0-4400d8789300,Travis,Buchanan,985.727.0778x2923
fbebbad6-b6b4-43cb-9203-2fedab74aa29,Megan,Mendoza,349.430.3951
04c1c338-c06b-48a4-bb50-a8680b7f3d1e,Gilbert,Ward,784-349-7669
ec5be95a-15b5-475b-95bb-101b4bb634ec,Haley,Brewer,(854)974-6962x8293
7ddf2c17-43a6-40b8-b9b4-d691e6ad275e,Cynthia,Adkins,001-483-325-5343x940
e11fe91e-4546-45ad-98f9-cdc0a6f39c48,Tiffany,Morrison,619-793-6403
251d1edb-baa4-44f9-bfe2-590a9d533ee0,Michelle,Brown,+1-854-338-8052
14e4a462-6b88-4f75-b683-a53c4b3f02b1,John,Merritt,275.926.6604x7863
3c290d70-6176-4525-845d-e5d6592a5ef2,Susan,Cochran,656.379.1525x557
80412137-4261-44bb-85da-afdddc9ed898,James,Hughes,+1-963-510-4303x66869
037f99ba-7832-418c-ad13-99fa16c0a8e9,Kelli,Nunez,(290)491-0135
9fbeb1ed-8529-43f8-af56-014f0bd9719a,Angel,Moreno,400.275.2219x587
a7492f60-1e64-4b9a-bd7c-fc46d6fd93a6,Amber,Fox,301.949.5439x699
3281dbda-7f54-4e89-9ccd-3428d34b0448,Tamara,Kelly,552.772.4499x8888
f0febfed-6fe0-4461-bbeb-803fdea84d01,William,Long,001-883-812-4804x6034
50370630-002e-46ca-8db0-818820310f1a,Brian,Wilson,643-493-4244x5666
a165b880-b056-469e-b6cd-208976a085e5,James,Ramirez,001-412-503-4029x15454
f4ad6ed9-e06b-494a-aa0d-61a71f9c9e64,Glen,Cunningham,001-541-438-9796x485
b5495a90-84c9-4bcc-a347-70e3f897930a,Dustin,Shaw,+1-794-783-1311x22389
140dedc8-ab6e-40e2-85fd-d6d95c7c461b,Mary,Mann,(704)384-3175x23476
4959ed73-8945-44ec-ba77-ad96838739b4,Jenny,Simmons,001-200-636-2431
ed5ffba6-b9c7-412e-9d38-6f5bb3663d83,Roger,Lee,001-763-971-8676
6caf2e57-6fc3-4772-9c92-7a05fcb04ca7,Beverly,Butler,+1-566-798-6496x0304
427d00a9-58cc-42cf-9c42-762f6cfee75c,Brian,Miller,001-499-323-6840x6763
31460cc6-49a4-429b-a2f7-d4f64aaf13d4,Michael,Schultz,001-431-684-0327x374
e453e277-99ae-4a21-8d8a-94e6e7c5082a,Matthew,Cortez,+1-712-506-8720x0694
cc76427a-4272-4327-b6fe-b7aa24d2700a,Michelle,Jimenez,(220)488-9749
1220de17-7c02-4515-a486-e211eeb175fa,Andrew,Russell,001-382-654-4036
e176b211-6ee8-47d4-88d5-c4e16e5069a7,Margaret,Eaton,+1-558-912-4748x04220
a5a80f56-03a6-43dc-b24c-91298293323d,Valerie,Williams,277.268.9686x48201
8a45218d-3b24-43ae-959a-0efc9d483637,Edward,Wise,5607286017
bd89db99-d54a-44f9-bb3f-e749f403f743,Cameron,Rivera,788-370-7544
604e3743-3dbc-44f2-8aee-3f6cd44d9ba9,Gina,Gibson,001-872-909-5615x66136
5015e944-5206-4187-8b6f-b3ffa1efb390,Regina,Joseph,(633)464-2410x1934
493e2878-50be-4e83-8159-54fc13622f9b,Lisa,Fox,+1-722-692-8912x771
2ad0ed8e-a560-4ff9-9b1a-23c8773af57c,Timothy,Park,001-371-214-2939x20245
6b3e5ccc-ff76-41ab-b199-6d42a77b807b,Albert,Martin,845-521-1698
051693ea-2c89-41da-ae38-0386d72874a3,Kristin,Howard,2539011528
b6d5b194-41bb-4a7e-90eb-67ac9afc4697,Rose,Owen,+1-970-780-3192
1681d1b9-a939-474b-a7ca-81c5b09cd258,Cheryl,Oneill,+1-772-751-2457x620
4d60cd73-cccd-4707-936b-c0f7cb42083a,Robert,Andrade,744-874-1984x9632
d984e733-4a2f-473e-b306-8333597a0fbc,Heather,Wright,001-274-719-0017x1145
515d77f7-e01b-4b03-914f-0be7a39af9c9,Jason,Peck,3804675246
8cd90883-be82-4a3a-bf4c-4ce5cb9a4248,Jamie,Gibbs,+1-933-463-4550x418
30497e04-ca84-4367-adfe-fde46eec71f8,Andrew,Pugh,416.812.5797x4623
1bdc46a5-7e9f-4ef3-ac6e-fb53c40f021c,Frederick,Mendoza,707.852.2730x9973
74c5e9d0-f75f-4875-8837-bd6075bf3ec1,Robert,Brown,754.633.8305x6909
09c77483-dc0d-448b-baae-4863148cfdd1,Cindy,Phillips,587-390-4059
01b324c1-5f24-460d-bd5a-b8f0c851655e,Diamond,Wiley,001-467-201-3655
862189cd-6815-4d8d-9e91-e21bb4518c94,Devin,Hunt,+1-347-804-8181x92875
f3b8b999-ce0a-410d-9c1a-8b8fb641cc91,Ronald,Terry,(240)876-3962x355
73bfc5ab-28ef-4f8e-84d3-16f3a9c9063d,James,Good,808-774-0566
920780ea-03bd-460b-baf9-0898fbf39528,Zachary,Cox,632-897-6137x51189
19eeea43-cc55-4c3e-b5f7-0cacdf093585,Randy,Osborne,696.469.7468x9630
28685f43-db66-43d5-aa6d-306d15d40899,Chad,Williamson,319-409-9971
315218a5-75c1-4d1e-9a40-ff11679e34cf,Travis,Long,+1-313-255-0176x27665
891faa59-a9f8-41fd-963b-ca0670213cb5,Ricardo,Nicholson,861-212-5779x65592
a7416dd6-a5f4-416f-9e30-6efb2a9e0fca,Dawn,Shaw,919-411-8704
9150ec57-cb7c-4303-b136-eb8b1608c293,Edgar,Gilmore,578-729-0653x718
9374cbe8-ebcc-4ae2-8498-35dc5bc3219d,Jennifer,Holland,+1-271-237-8865x5958
f3525fd3-3169-4d67-b011-8d7423c89f80,Jonathan,Martinez,759-235-9425
9ca1180a-5e35-49e3-b848-a708fb61be34,Michelle,Cook,6488039861
4934d528-c3b0-4b20-bde2-9cb514423587,Brenda,Francis,+1-509-344-3184x06254
553c245d-0735-4cb4-8d8c-f4d95ac69a96,Gabriela,Russell,862-222-3442
282f9d64-4bb2-4591-a401-1aecc7e287dd,Jessica,Ward,(623)843-9061x9578
53df5e00-3958-4bcb-8924-ce817172ca1e,Mary,Frye,674.634.0463x255
235738ed-f785-4a42-a2af-b1f2c86217b1,Robert,Palmer,+1-490-357-4409x0245
1f86457e-e1d4-4d09-b2d5-21497ebc6c21,Amy,Clements,688.633.0857
abc926a1-b2d0-43c7-8224-5ee2096530ed,Tammy,Atkins,(646)255-0392
d0178120-212a-4ce4-9bbd-6b2a717327f3,Wesley,Phillips,001-594-553-9285x4325
8f208786-463f-402c-abbd-c64433144aa6,John,Jackson,001-931-710-9303x11939
5639ea2a-a236-4b3d-beae-f696f476efae,Michael,Lee,+1-542-568-0405
7ed1ccda-093d-4a58-9ba9-d6aa29624256,Jason,Phillips,+1-352-995-6824x89990
8198c43f-0e84-449a-9972-343ead96a18d,Kimberly,Friedman,001-700-883-9933x214
2e1f12b4-eb6e-49ab-89af-d30517377ea8,Michael,Gibson,(712)339-9880x20336
ab275deb-dfd1-4b77-a84a-7c08e12ca07c,John,Davis,460.424.5285
fb4945cc-af3c-4a01-b794-356edd78bee7,Dorothy,Mitchell,206.441.6367x57952
9ee88576-02b2-49e6-a2d1-b1041f006824,Alejandro,Wright,001-488-664-5311x375
841e9145-36ab-4ec1-9203-3fb51e62dbd9,Scott,Russell,(652)924-4851x861
0422b4d5-63df-467e-949e-9a967973b098,Chad,Martin,813-399-9611x6343
86461b8e-9695-4d1e-b501-23c08e02b23a,Nancy,Ferguson,2246281953
d928c6a4-32aa-4960-ba01-d6f3d09123b8,Jeffrey,Oliver,628.307.0265x79568
9d44553e-7f13-4239-9d75-5e1358e30a0c,Julia,Thomas,275.293.3155x21695
be9a9585-4b65-4c18-bad4-62c5fa5d9dd3,Kaylee,Ford,001-305-836-9909x82401
7e16ceec-d4a2-4de5-9296-a75aa6d43f3d,Kenneth,Carr,(820)865-8382x3376
10b9261a-e27e-402f-a82c-4aa6ed22ee8a,Rachel,Cooke,6297957014
1d207830-ab11-4d81-9c14-beac8cd9fb5e,Albert,Morgan,528-685-9958
928a3ee7-cbbb-4ffb-af19-f81a9c693b24,Johnny,Meyer,551.793.2681
97d614c3-0396-4666-8830-dca3808cccd8,Jenny,Acevedo,551-342-9280
ffa2ffc4-293a-4961-9f58-ea81941e18ac,Amber,Mullins,001-754-289-6807x9950
854c2c42-15b6-4c2c-aee6-9b5a217be6c2,Jaime,Dickerson,(785)716-0668
460dcedd-58b4-4b34-a6de-0a349452e038,Sean,Miller,9019874558
d616f34f-0df4-4c6c-8937-8d7f6c5acebe,Steven,Harper,949.584.1579
fa49c334-c8ed-4f81-8d7a-28d49174f77a,Latoya,Hall,001-365-520-8558
51e6e7ce-c5e8-4491-9255-734fbc35e00d,Dan,Johnson,440.732.3787x658
0ecb04ec-01de-43bc-a8d1-47027be3e616,Brittany,Murphy,(422)329-1515x4320
f5335c9c-0d9b-4897-b259-045ec2c9badd,Anna,Weiss,001-410-956-5484x034
1cc87041-dbee-4030-b101-6f49472d788c,Rachel,Jackson,+1-493-788-6921x7202
27d6b131-0aae-4ce5-9901-9c3aee9b4004,Kylie,Mendoza,001-201-444-1077
ad991a8c-c91a-4d7a-902a-a3399e2f509d,Amanda,Miller,2516704179
fb724a5a-2764-4c3b-a981-8a1b9b419135,Lori,Alexander,760-287-5269
cc586bad-d4d1-42b9-8635-3fb79dce8938,Thomas,Wilcox,001-215-354-1637x50760
082a47d8-36b0-4cc0-a163-0a46bbc5330a,Scott,Hall,4639536433
1a186f7f-3d1c-48e7-8b68-ce194ec77eb9,Tracy,Mccullough,001-482-481-4838x85729
3c81be88-3ad9-4ac7-a7de-249746c4fd9d,Lynn,Bailey,9653946739
d1a415f6-cd40-41da-bef4-7c1b1f19c5be,Wyatt,Vargas,331.891.7892x8383
ad335d95-564b-422b-ad8f-3c250446ca8e,Miranda,Ballard,490-952-3899
a0c4afdd-6fc0-4600-8224-5aa46e0dada6,Nicole,Lewis,001-728-245-8256
c4fcaa4f-0f6f-4169-b58c-9ff949d0d306,Melanie,Santiago,+1-893-595-5136
f869cb9d-c9cb-4d42-85e8-a3bef89a903a,Kathryn,Russell,001-584-285-9415x751
dd86a9eb-5900-40db-97ee-21a328644b38,Linda,White,(433)620-6508x679
90122278-5410-46d8-bce4-4ff85bc82869,Maureen,Mccoy,412-889-6525x3959
86facdee-66f2-4584-a92e-f27fa9be00cc,William,Collins,001-509-266-0566x8186
8265b4e9-b95c-4cb9-bd6f-34389c2cde7a,Justin,Mcconnell,001-266-498-9101x8285
a7b5eb86-f24c-4075-809e-4fcbf55240ae,Kimberly,Ford,590-219-2270
dd928b8c-ca12-45b6-937b-cb5e6529c30c,Adrian,Kim,+1-390-557-7222
5a6bb9b5-f9e9-4835-9d30-df2b8d65fee9,Tanya,Jackson,001-521-817-7926x721
4c20a095-83b6-4f9c-b4be-eeca90744ddf,Vincent,Cooper,(807)687-7182
66246b1b-a9f3-4af5-88f1-03cd4f398a2c,Robert,Walsh,001-988-881-9842x4265
c2a6decb-2069-4bb1-8410-48995cdf804b,Chelsea,Baker,(699)390-5333x870
3453931d-7df4-40d4-aa3c-c73ed9d4115f,Ashley,Kelley,900-201-1513x5530
615ee3b8-288a-463d-bd72-f009b278e936,Kevin,Reynolds,001-933-579-4951
b8434122-401a-4891-a8b5-37e8b96e6118,Karen,Anderson,(867)257-0595x657
3888fc34-dca0-4641-88f5-d4010b9dfc6c,Ryan,Fields,455.558.2129
8b530400-d97d-492e-b1af-854e0073dad4,Xavier,Kennedy,(254)474-5328x4308
8a40f3a2-cd63-4a7d-bf23-4a8af6a79086,Danielle,Graham,765.300.4988
38b7ef31-da47-4821-9e13-fa6da514ee48,Daniel,Sparks,001-984-966-7279x09498
9e10d6eb-87b9-41dc-a075-4701e1c1e874,Kathy,Kelly,298-921-1875x580
f6ff3113-7358-464d-bd5b-c769ea31a3ab,Michael,Hall,565-705-4713
9e7f80c8-9526-4364-92fd-976a9a3c02a5,Johnathan,Williams,(603)762-9653x83248
2a1fce2d-4ab9-4404-b659-0af2c6b889c7,Diane,Caldwell,7483381698
68598b4c-1bc6-4841-87cb-3d0d26a9ffa1,Jennifer,Wells,(660)525-7229x5509
151c03ad-9b64-4f7c-af83-8240860e6f25,Anthony,Thompson,+1-785-217-1724x19561
f72d869b-a33a-40c8-9c09-028e978fb6aa,Michael,Knight,001-799-962-1311
7ec97b15-c62e-4258-b9e4-130277d2ddca,Rebecca,Faulkner,302-860-3856x7004
8197310d-761c-4ada-9eeb-ed546d61e7a4,Joshua,Avery,307.343.4975
5c1066d0-e733-49e0-ada0-7f08ce8356d1,Jennifer,Jones,(841)957-6937x76162
88e32f05-12aa-406c-b434-e6e9cb05c52e,Brittany,Montgomery,001-844-452-9417x34378
f49f180c-2db3-4e11-a65e-e02632bab174,Donald,Walker,001-298-905-3612x4246
42d294ce-2569-4a45-90eb-11dffacd7e58,Michael,Orr,544-791-4287
4be90101-2ff5-4043-9e43-15353c538d21,Victor,Brandt,(935)606-9788
cae0a7b3-53a2-4726-a942-38659a6382b8,Carl,Diaz,+1-831-679-1716x1780
0e9002ce-78dd-4153-a046-073286bed46a,Ashley,Bennett,(849)465-5388x45587
0985e820-299f-4921-a877-9e7b63c83350,Nicholas,Moon,654.479.3002x24582
109861e7-2caa-41f8-a77c-c46663b5ce35,Gerald,Thomas,568-958-1222x19801
e7312489-6f9a-4341-931f-152b9a0489c9,Richard,Hall,(394)959-5479x5399
05ee78e6-ff82-4110-9165-7a5597a14756,Haley,Wilson,719-592-5409x0050
245569f6-750e-43d5-8df1-b1b042ce8e54,John,Jimenez,(538)766-9033
fd453061-8ae4-49af-bfb7-88d574149b5d,Ronald,Jimenez,001-347-401-0691x21151
53a11f1b-5720-4024-9502-19629c5b74bf,Sarah,Torres,(814)741-5488
a8d4cfb6-eb45-4b17-b994-ee1a16e50f3d,Juan,Combs,(263)263-7642x704
89623c06-2fb3-44b3-bd9d-61001cfd2cf7,Seth,Zavala,596-911-6205
991ba68b-93c4-40a3-9e31-f973f067ada7,Gregory,Fields,001-776-771-8798
a42f9fc0-861b-421d-a96c-e7e6192ef078,Victor,Campbell,806-879-6555x877
a094121a-c4c1-429d-9e1e-aa8f15016a7f,Melissa,Torres,934-651-6856
ada682c3-169f-47a5-a2d7-e4edaececd6c,Greg,Hernandez,342.722.3991
108d2f29-f8da-43cf-9a64-cf403fd11aeb,Ashley,Hansen,(443)827-3872x7147
9041f0e8-c272-4798-a1c0-2e2a00d6fc28,Courtney,Fischer,(763)435-3085
fe5e4a6d-b477-48bf-b92c-c23d677c46c1,Michael,White,882.661.0450x06621
6403f513-cac3-4f46-9178-2acd9dee162f,Jason,Gonzalez,001-373-873-9255x828
7a14cbe3-f917-4b59-ac69-b3bcd94f441f,Cassandra,Rodriguez,001-724-878-5321
0fc2da57-8772-49bd-9581-30417d44335c,Warren,Allen,+1-753-313-3081x72695
d59991a9-68a3-49a0-bc77-1348d2ff3be3,Robert,Franklin,(663)877-7627x2096
47e208de-6422-4e23-9b7b-62181c90f303,Danielle,Griffin,+1-280-859-9191x2727
260c15a6-1427-4630-833c-1923d6b85f40,Scott,Martin,413-590-0666x4144
506b79fb-fcbb-478a-8335-87affe9bf77f,Sara,Oconnor,857-563-6231
0e2aae73-8703-4516-bece-f55ad592433c,Alicia,Scott,(753)924-2168x143
9404a29e-b3b7-4d0e-a64a-dbc79fe4a577,Ana,Wagner,486.911.6842x9431
19e48f51-9270-4f8d-8061-a83d497515bb,Joe,Cook,303.577.0198x9162
793b59e0-c50a-4af0-b806-e70bcf65f0a3,Kevin,Hudson,+1-331-850-9670
55800b90-b4eb-4bae-b33f-45a8d059de44,Pamela,Hatfield,(617)322-9761x8871
3878189c-c3df-42a2-b325-b09437909290,Rhonda,Gillespie,893-806-6208
8038a62b-b69f-4d7d-a89e-671f1bf20022,Matthew,Smith,836.662.7821x51137
e6f7d119-fec7-4ac5-8472-0ee75c0ad129,Angela,Morris,+1-436-272-6241
a7381b7c-c284-49f4-8a49-791218d68cf9,Daniel,Young,8929591636
b9d77eea-71c9-43ac-a947-3bd765686d30,Catherine,Watkins,(312)488-5350
5c5f1382-f82b-4dbe-ab24-7345b1839f1a,Suzanne,Adkins,(228)900-9426x897
7c75d853-7eb3-47b8-8b94-67478b43c5e6,Cynthia,Anderson,001-376-295-6530x83652
8b4d898a-ed8b-4e19-8b25-5a57835e4db0,Leslie,Anderson,001-661-924-1071x71261
f144fcfb-e7ac-4576-b3b1-3479bb126e4c,Rhonda,Duarte,(832)394-9996x477
04ab80df-da9f-46e7-91e4-4d2d03e59868,Crystal,Henderson,(489)989-9652x2922
b60bf5e1-bde7-4a81-973e-ed8520a9a20d,Christine,Taylor,527.479.0332
f8fb3ee2-2df9-4d9d-8f24-baa4dfdd8cb3,Kristen,Butler,919-979-3752x160
e15a6123-0d5f-489f-be61-e444f888c32c,Paul,Jackson,+1-761-480-6824
f7055af4-fff3-44a3-a30c-5acc40dd7a96,Christie,Sanchez,(831)862-2188x70380
23432fbf-31c6-483b-b2d4-ae0937485de2,Deborah,Caldwell,425-666-8420x569
68fb1539-8697-40f8-a0cb-d9c05fe6dd30,Anita,Francis,001-634-821-0762x7175
075c1e7f-cf31-4752-a73b-f00dd6e603ea,Judy,Rice,+1-856-782-7460x89774
27c9122a-3061-4130-8986-1fbf4028846b,Jennifer,Mendoza,480.992.7356
9a05bd64-87f5-4edb-b96f-e38c0c8d159f,Andrea,Lopez,7303038582
bf97943d-878b-429d-8f83-ee5dc78d4417,Duane,House,799-502-2211x73488
b3f933c9-228e-4edb-95d0-cec25829d8e1,Brittany,Berry,726.969.3520x1569
826ba902-391c-4e64-a6e5-666aa9c88e82,Christopher,Boyle,+1-587-451-2437x529
8ae384cc-98cd-477d-bf49-26d1a9ca6613,Michael,Saunders,719.489.8482
ca43811d-1ff7-4203-b265-80a9c1a9056f,Stephanie,Hart,001-737-648-9854x31974
0aeec46b-b3f8-47e8-9965-752fc03f6fb5,Caitlin,Allen,517-288-4868x4079
88310881-ceae-4f6c-953d-00f9ebb8b7b2,Lynn,Sawyer,569-299-9406x4743
8024e976-bdc7-4a81-bf0a-6908798c2fdd,Mary,Clarke,+1-226-517-0056x95913
dd971973-6546-4158-bb08-434dbdaa22e3,Phillip,Watkins,+1-307-266-4072x312
9225bcd4-7298-4e49-94b1-dab5da4ca3aa,Susan,Brooks,658-771-7908
bd21ffb7-a024-4f6a-9e69-5f2e7486260f,Michael,Ortiz,001-482-656-1500
f892fb57-b900-4c5e-8c84-6cde0267dccd,Michael,Smith,(646)304-5820x294
7e14830d-7403-4490-beee-6866226973ee,Leslie,Williams,+1-338-599-8875
779387c5-da4e-47e0-a8f3-a7ab25fee5ed,William,Peterson,001-396-798-3643
90bbe464-2720-4e73-ad39-0c93253cd27d,Ronald,Nguyen,358-477-4893x422
2ca6815b-c2bb-4d78-addd-2d4d4e69369b,Tracy,Richards,834-440-8170
02264f28-b8dc-4ea6-a85a-c6a51c8f354a,Mary,Price,878-672-0444
fc13fcaa-fc98-4447-9d5a-936b7d44787d,James,Bruce,5438799521
b2c827e1-ba01-4ca9-b206-0647bffd6a26,Jake,Reid,(486)550-8420x9805
50dfc1db-825e-441e-be9c-c8e3ad54b9ca,Jessica,Rodriguez,787.995.0059
0e612549-857f-4cf5-a363-6cc32b4e039b,Jacqueline,Gomez,923.510.7976
7c532b7f-dd32-4863-91a5-9bfed0c6dac0,Jonathan,Donovan,388-594-0912x4456
dca84fde-998e-4af3-976b-15f8e2ed452a,William,Mcbride,4587630104
68f34de6-d498-47ae-9cab-f28f5bfa0628,Brendan,Moore,736.309.3946
1559efb1-cedf-4c99-b037-28ea5b9b6872,James,Harris,+1-519-863-8101x6011
c0076512-d70f-430a-8a71-e083358018c5,Christopher,Harrell,(352)426-1661x301
b53151c8-e4e0-4d9d-a377-985318333bc1,Veronica,Becker,450.851.0452x54297
389b7e4a-48dc-4a5e-a978-eec98e1bb61c,Jessica,Boyle,(316)288-7227x1290
35417cfb-0ac7-4432-afe1-fc0bdb0515b3,Deborah,Santos,+1-678-750-0968x673
faf6975e-9466-412d-9d0a-c785219e375f,Erika,Davis,963.387.1298
433214ab-2bc0-4553-a8da-025386591402,Michael,Anderson,6313110481
032f3917-6e1f-46d3-9b58-8e9c14aa128a,James,Jordan,626.235.8125
865d9155-b43b-4d03-b8e5-e9701aa341d7,Donna,Werner,620-733-8119x8431
85da9e4c-e691-4aec-9c60-286f0207ac31,Mary,Bradley,2792039186
7b55026a-6931-442e-bcc4-20d103d8f32e,Amanda,Howard,001-951-336-9815x51619
a7b71693-8f58-4196-84a3-a45876e1eef8,Shannon,Sanchez,353.346.9272
a96f1188-ae46-4802-a23e-b74a2d3445d9,Andrew,Stewart,(596)530-9243
8ebdf9eb-8a7f-4766-ae9b-653f49324c35,Jay,Sandoval,(312)400-1730x17291
dfac93f4-4a9a-4549-8bbb-5dbcdd93547e,Christopher,Schmidt,888.735.7869
2e8471a8-ce91-497c-96f0-12ec71387017,Craig,Gutierrez,(630)702-3443
6a66b523-8ce8-4194-b420-7c23fca2a6ec,David,Hunter,001-861-576-0012x026
f97c0e71-b06f-4a1d-b5ce-3375251df89f,Rebecca,Wilson,(447)443-6276
7ecaeaa6-93db-40e4-8b31-6c7fda7c162e,Lisa,Herrera,+1-637-623-2535
c14dfb20-bb63-491b-aecc-3d6d6f11ed8f,Kristi,Acevedo,(587)825-5395
5424d033-2876-4fc9-8b0d-85e451c5ff3b,Derek,Allen,891.687.9696
f6888351-d46a-4192-b7b0-2cbe5d08eaf4,Lydia,Brooks,(305)600-8347
7e5c1df2-720a-41e2-8be7-9934db0fe3f0,Jesus,Alexander,(801)779-4010x5655
b36013ff-04cc-4c8d-aa4a-f0b8596dc190,Luke,Maldonado,(608)827-7439x267
ebae6b44-9e60-4335-bb34-cc78a87fcf8a,Robert,Jones,+1-450-726-4638x912
528ea769-ced8-4256-92fd-ac19de35a336,Adrienne,Young,001-486-478-6936x95109
3bf7f638-f18f-4d5d-a2b4-d942a2f86a1e,Aaron,Schmidt,843-499-6101x1285
eb3bb41e-77c8-470b-852a-f968cf92bb3b,Christopher,Mccullough,763-774-2375
92a45581-1407-47e6-9063-e81fd482e224,Eduardo,Steele,708.705.8239
addbcc84-55b9-452b-ab28-2e92afa0eff5,Alexandra,Hernandez,670.420.7722x8728
f86b4c59-41f4-4148-9f51-f806a0865c5d,Derrick,Gross,(242)970-0961x434
f9210bac-bc8f-4556-a48a-9b5b7507fb78,Jaime,Dyer,(799)761-0961x059
9517cce3-3aa0-4dcf-a670-1f874d45c54c,Misty,Howard,+1-476-838-5203x00445
bde1e62b-885a-474e-a8f2-ad475c9b2ba0,Jacob,Santiago,822-843-3275x8542
a2873168-d916-422a-a397-44575275ecf4,Lori,Martinez,+1-815-889-4556x432
c021e3e8-4ddf-4c94-b6c7-74dbd7c2f623,Matthew,West,+1-348-311-1533x50716
ef335da6-a0cb-43d4-b8a6-ac329be7e72f,April,Smith,+1-688-664-0100x254
f731c827-5db1-48ab-b915-fb201b910a53,Amber,Charles,001-707-863-3893x24430
a23a929b-7ae2-4b99-a3d9-41a100186cd0,Robert,Miles,4662350123
d11c85be-40db-4f09-9bbb-b90d2898096f,Morgan,Thomas,452.519.1788x798
e839cf99-389a-455d-9b77-e2ab503f2395,Derek,Soto,(382)848-3318x01153
82b147b8-098b-40fd-801a-76f0c1e9943a,Nicole,Nicholson,423.914.5938x6969
6543f015-f291-4c06-8cb3-0fb5bb1b389d,Christopher,Spears,749.638.2722x21661
72f281f3-8fcd-4189-ae17-82d645d6af80,Mary,Patel,(318)668-1559x9401
a9c8efe7-08e8-4f6c-8088-94b6348c613f,Richard,Walker,233-971-3189
6a5cae95-fef2-4c45-b712-30d4777dc36f,Jasmine,Smith,+1-874-997-0447x45813
59404cc1-540c-429e-afd7-d79f8425bef2,Katherine,Lara,257.217.6170
40b26d3d-b2e9-4ded-b05b-cbd10800b5d9,Autumn,Little,929.555.7994x55761
d209e573-bb4f-4074-be26-b25460042fff,Sergio,Mcdonald,+1-673-869-7073x6203
93a34d1a-e4ab-4c84-a697-825345e2f662,Jonathan,Carr,(327)464-3165x92532
6027bc01-b146-43a0-a631-59e4c5f28ece,Susan,Nguyen,277-892-0745x32912
30266264-af0c-4edf-8fc1-8259bc07b0f5,Victor,Edwards,830-239-9855x403
457c452a-cffb-43bd-ac5b-81851d7e06d6,Samantha,Bruce,(772)278-5158x6704
12c8bf8e-6ec7-4fe6-9701-64a0028044f1,Lauren,Lee,(695)603-1449x3482
63b11541-d317-4f04-8abb-6ab8aa130141,Alyssa,Williams,794-989-1167x743
f8b9a0f9-a07c-4ac7-a62d-19a1598fe558,Austin,Butler,001-247-857-1659x855
efa2fbf1-bd3f-41b9-9298-03c8378f9428,Joseph,Gutierrez,781.407.6718
5ef5b5cd-8398-43bb-bd47-a32044bd8782,Jennifer,Ford,813.614.6181
5b9bbf00-05c7-450b-802b-c08bf952fe24,Adam,Jimenez,768.446.9690x79350
07cef9a4-2169-4955-8058-8ff385f81c91,Joshua,Fowler,(571)434-2324x800
05f9b280-65d7-456c-a1ef-992f4dea0b7f,Anne,Adkins,9827110945
1ef58efb-144a-4688-af65-5a333080ea81,Kelly,Nguyen,357-624-0967
7a0c00c9-003b-4f5c-81cd-db8fae36355d,Daniel,Perez,001-794-916-2114x7221
15f557fa-5c1c-40eb-a31a-d104d7664d64,Karen,Flores,469-467-7369x55894
99613855-3333-491e-9391-e3eaa3cd9184,Jon,Romero,435-997-9757x988
4882baad-d9ff-4019-849c-476d71755577,Amanda,Jackson,001-839-517-9609x3090
de935a96-9467-41a0-8bdb-29974147561d,Jane,Garcia,001-578-316-2348x180
7922db2f-fe82-42e0-a008-297a495939d2,Gabriel,Nicholson,(861)885-9858
5b178fdf-9631-4c62-8c22-7e115289f357,John,Galvan,001-886-315-2810x38243
59aa3576-1bae-4d41-b814-0a63e0a0df49,Daniel,Beard,(850)769-0177x8613
0e8b1f00-2ef9-4f38-ba46-b13a83dc7d8e,Taylor,Miller,692-651-8443
d837e0a7-d54e-447e-ad05-e3aaa4236aef,Emily,Barnett,597.592.9287x504
8c02857b-9528-41ec-bbab-4589a7712cb1,Lynn,Robinson,001-778-231-7554
9bcb0369-5a61-4627-a232-d14390349c4c,Jason,Rocha,001-371-638-8818x8583
f1972e8e-b82d-46c1-8589-c8b284d02b98,Jared,Clark,432-212-5357x1465
d588803d-53b2-4af8-bd0d-41ae06afb7cc,Jacob,Johnson,541-804-3538x8938
175c0894-f478-4e73-87e4-309d5a4cf8e2,Cheyenne,Graham,485-608-6243
752796e0-3f07-4da8-bc7f-da596224a24d,Alejandro,Bean,3404135631
3487e79f-d9cc-4e03-bd8e-27a895038f83,Thomas,Morrison,2433588496
bafc899f-bfe2-4a8b-add2-fcaba82d3455,James,Perkins,739-986-1504
c9639900-ada1-422c-9250-09dde766957c,Jennifer,Guzman,892.652.8356x77131
c3c748a5-1d73-4b0a-b725-280aeafe3522,Michael,Johnson,(975)235-7838
c5d80f93-059d-4a2a-ae7c-2dba3be8573c,Karen,Miller,001-549-445-5585x858
16d7e59c-2d43-4543-927e-7726ae59ea83,Michael,Barr,+1-927-448-6164
cbb53896-6381-4969-962b-5ffffbf21eab,Amber,Ortiz,408.561.8607x3564
e3084f4e-0cbc-41f5-aac4-39ed64df6632,William,Brown,669.332.8985
feb7e952-a54e-40c7-9eec-44a1f031971e,Melissa,Lozano,792.434.3478
a5f1d372-bb7f-476c-aa53-ee9dea1509ed,Ryan,Franklin,556-213-4254
7f1679d4-84e7-43b7-af4c-ff6ac5edd6fb,Richard,Lawrence,2132535226
e0a6f9cd-53e6-4aec-815e-9f83ecb09be6,Daniel,Reed,+1-779-530-7775
eb682f83-e938-4724-961e-b881daafb8d9,Stephen,Campos,328.768.5769x3176
9439801d-851e-4d1d-9109-8f76cdcdca01,Karen,Shea,001-714-819-7901x46625
4d9e79de-7c06-407b-b9b3-e4ed02b5da6c,Lee,Miller,(831)654-0511x678
aa19ce91-624c-426b-8201-b9a838537e9c,Travis,Curry,450-333-2362x626
5774f9b2-a980-4705-b38b-f2ce4c65c15b,Kristi,Choi,+1-496-619-9887x96591
17162247-b281-4c34-a691-99e8c0875a44,Randy,Fowler,+1-234-422-4393
2baa3f4e-d131-4c7a-8f45-5f7782d936dc,Nicholas,Wood,475-507-1011
d8aa9d36-f638-4d0e-b58f-066e71e3d072,Ian,Donovan,271.673.6405
e8189691-ff2b-4bb9-9284-522c21bd138d,Heather,Jones,922-851-8042
16766be8-297c-4963-92a1-022a0a329cd2,Debra,Thompson,335-269-9829x53295
ea80ae3e-8f47-43e8-96d3-5e80a769b1f9,Paul,Johnson,001-255-357-3583x969
df76e83e-67e4-4639-bc47-b92885851e47,Charles,Mcintyre,+1-282-473-6681
45e36c20-1ca3-476e-8d8a-a2a0ec614223,Timothy,Ruiz,759-263-4449x7577
a7a63ae3-1a83-444f-bc2d-0514064a0350,Amy,Simon,+1-414-991-1645
b0b1c3c0-c6c1-46a3-8046-23c525c84105,Megan,Mitchell,807.290.6245x768
da93affa-80d6-4d15-a64f-9ca52e5642e7,Matthew,Jones,345.679.5386x402
86f81a6b-cf8d-49f6-82d3-932582224b11,Scott,Garcia,001-664-790-0569x547
1b17fd48-f836-4d8b-84de-e1babf805b56,Richard,Nelson,(971)891-8797x9957
e7eba1a2-2c6b-49dd-9ed0-16e7c1951026,Carl,Harvey,840-343-1241x8092
94822855-be34-496b-9130-8ef74244d28f,Daniel,Manning,(574)396-7868x36597
167f7655-b313-4ca6-a513-b9e7b34c9483,Meagan,Bowers,272-402-5121
9ecede3e-4b78-418e-b24b-87a5b42c0c74,Ronald,Taylor,001-406-800-6119x494
17836444-b69c-4041-b913-3d9d76af1ef0,Heather,Rice,215.794.3466
c9ff4bec-6505-454a-b2ff-054d40473f14,Matthew,Taylor,+1-391-531-1099x7660
e9d29972-1d7e-413d-b403-67caf27b135c,Charles,Wallace,962-721-7895
662232c3-afb7-4bc5-bd02-6497b36b0173,Thomas,Williams,624-661-7074x825
b864403e-e836-4bed-9857-8031b16703f5,Joshua,Blevins,(641)402-6131
5538303e-735c-4716-89c8-df699c0ca8fe,Melissa,Murray,763-632-6521
b0ba360e-89f0-49e8-a627-1a8c28e01198,Amanda,Cox,001-737-760-7673
753ff7a5-3284-4c75-bf88-2cadf5b62e7a,Rebecca,Weber,326.938.3151
406f637b-950b-426a-b2c7-c7a92191819f,Austin,Hall,507-528-1301x3421
1810db7f-2ee2-404a-99d9-a0a9e2748dc2,John,Johnson,734-843-4236
3cc02e4d-ec83-408f-924a-15eb08d6be30,Jacqueline,Mcmahon,(676)808-4082x312
16eb174e-7e6d-4cba-8521-bea3a6393022,Austin,Peterson,001-920-982-1612x05287
9d141b55-10af-45c3-857e-d592be71f610,Michele,English,423-674-2875x847
9b4b782a-b0d9-458d-adcc-c2fa62e25f31,Tiffany,Alvarez,(416)686-3632x0186
3480f774-25a0-4828-bce1-76650bdaf28f,Michael,Hardy,(234)938-3821
eb7f3b58-c056-474a-97a5-8dea81f44b67,Scott,Diaz,707.606.6092x7071
110add80-0615-4db7-b29d-115d19e6a5dc,Mark,Blackwell,+1-388-316-1720x9080
aac44bf0-0f9f-4cc6-a287-a97a6646afba,Jeffrey,Frye,+1-819-962-2870
1da94540-d75b-4b77-9e8f-3f57e5b38aa3,Ronald,Collins,230.845.3897
3ae95bd2-bab2-4fdb-bc11-de20b849c4f4,Rachel,Lopez,800.367.5976x9791
451e9013-b98e-4202-ad9b-c49cb6bd0875,Hannah,Edwards,459-922-3178
c6f4d7b7-705b-4bf8-a083-632fc1d2d6d5,Misty,Savage,+1-493-744-8313
76914e14-8e92-4393-98bd-f875add0dafd,Elizabeth,Santiago,925.839.1295
3e7aaa76-eb85-4623-ad33-28fd01f3a524,Melissa,Scott,8976789907
4a96d90c-a7e7-4bfe-91b8-348bf3152a38,Heather,Brewer,(864)655-2024x02292
3dabe48e-1935-4a83-b10e-4fa46e469d2b,Benjamin,Alvarez,6479750943
df892b1b-d890-465f-8983-214c6e5953d7,Joseph,Scott,+1-946-220-1760
b1e4936f-eb0a-4f35-853e-fdb783446935,Jose,Jackson,853-459-8800x72242
bba2b052-f44c-428c-9cf4-363e230981c6,Kenneth,Blevins,+1-561-990-9220x81534
a5752625-2126-4d2f-8a50-0dd58fb379f0,Ashley,Johnson,+1-733-622-2176
8d3de9c1-eac6-4346-9eb6-0ad7ef1f7e4a,Jonathan,Hubbard,444.397.9924x92698
81a08fcd-1912-43d6-844a-2ec58ca11c3f,Angie,Sanders,896-257-4069x80698
348e7fec-334d-4b25-a192-bf0694b4b15c,Nicholas,Vincent,428.842.0094
74b66cd2-67ec-41e4-9ed3-717763d95b62,Brian,Lopez,001-592-677-2874x4012
b9dd8636-c557-4d4a-a415-650e59ec9ab7,Jacob,Powell,(783)442-1828x156
13694f18-67a2-4396-82e8-af5236ef6d9f,Marcia,Carroll,+1-361-616-5001x2764
25926479-9ab8-4697-a4fb-d7b91c02e611,Paul,Nelson,+1-784-493-6145x0332
06d43be8-28c1-4ddc-bce1-07948ffd436b,Jim,Burns,211.896.0468
b1619b77-2019-4437-84db-c3d530af2eab,David,Brown,001-897-399-2329
f18939f8-1861-4442-80c2-ef7907073526,Tim,Williams,290.800.0517x38107
fc0c234f-cd71-4bba-9a4c-b21dd83c99f3,Brian,Schultz,255-714-5826
3b0393de-8715-464c-b9f5-080dc2d24a8c,Erin,Carroll,269.953.2859x33469
4cee05ac-041d-401e-9bc1-a1e4cbe6a67c,Angela,Sanchez,(912)703-4379
aa94c1fd-3b22-46e3-a79d-bf044be56927,Austin,Murphy,(985)840-8785
1e30da5d-c0f9-4a28-8968-2d8444f7bb9f,Jeffrey,Thompson,2819328527
4ec3f91a-2feb-4727-ae8f-14cba0aeeb48,Shannon,Bennett,303.711.2648x5205
323c8181-527a-4c45-95ef-112ca122cdf7,Rachel,White,5559592552
365b4259-e6ef-4f5f-bf85-52bb7d2cb084,Julie,Fox,(688)228-0772
52fc511b-f577-4824-a399-fccd5628d16e,Tina,Wang,(239)484-0328x268
f42d70ff-ee56-477a-a47b-75f5fc496b25,Megan,Dunlap,896.264.4703x35535
9e85f5a6-b10f-4b8b-b7f7-08e227ea87fe,Timothy,Welch,001-694-464-4242x33919
685564ed-d657-498d-9336-53d4ec80bbb8,Gilbert,Fisher,5643633710
6cd55bce-8d8b-4b26-bb2f-c87e57852ead,Robert,Neal,729.592.1164
30479c8e-2b9c-447c-b892-55c1d816dd6b,William,Meyer,(511)543-3015
5533844c-d541-4ed6-b1e3-3723f8cfb007,Scott,Estrada,329.499.0499x849
e04183c7-4f22-4c43-bfb8-3ea707a769c8,Maurice,Hart,+1-319-595-3359
c5059e58-d906-4f63-b44f-7b50592de31a,Crystal,Howard,(283)345-3331x7177
4bf0c890-ae41-46fa-abe2-cf4b60455ad1,Andrea,Cooper,(319)540-7674x6315
aa3c0e5f-78cc-4f25-a579-a08d063decc8,Kimberly,Villanueva,684-877-1163x3266
16a960f3-8892-403d-93de-02ad9865e4bf,Brad,Serrano,+1-501-861-2771
aec45a39-9120-4597-acfc-10406aa60879,Larry,Martin,5249996995
3011a1d9-17f2-487b-b746-20526ae0653a,Catherine,Perry,702.764.0640x466
690dcacb-5fcd-419e-94cf-3c039c930bc4,Dana,Kerr,+1-847-558-4622
311725eb-9f7e-4cc1-8c3d-a6cb487bca9d,Marc,Powell,962-309-9600
b87f1acb-6914-4478-a60d-599f222a672e,Don,Hopkins,+1-845-697-9493x891
3051df66-148a-4e69-b2ca-ff1138a6b80c,Sarah,Anderson,(257)541-7748x37068
2cd8e219-b8fb-43c1-8daa-7cdb37e43737,Timothy,Adams,001-768-885-3541x305
0282c6bc-77fb-43e5-99ea-0ee9f3a69889,Jessica,Perry,4608266484
95ca86e3-050f-4a91-9584-905adb67ea1b,Dana,Carter,340.927.7144x7182
247deb54-456c-4b0f-b6d7-8c99b1a4aff7,Scott,Weber,+1-383-822-5802
58ac3c3a-87ea-442e-81a2-04904e551eac,Hannah,Baker,+1-281-286-2072x489
3db408d0-2a21-428f-b3b1-ac134dc90bc4,Heidi,Robinson,265.601.4901
42983141-5373-4288-9d39-fa5611b8f9b6,Ryan,Mckenzie,(523)661-9398x861
5e4e1114-0db8-4025-a102-e34b6cc2eb86,Jeffery,Barrera,298-981-0437x88713
1438df4c-3b82-445e-afa7-308bbc28b798,Brenda,Moore,670.820.6764x870
7a482d4b-4399-4a8f-815a-4e746f8ee35c,Joel,Howe,606-273-3353x3800
5c49e0e5-30ed-4120-847d-ee9eeaec4536,Kayla,Holder,355.707.4831
73206d75-2d05-4df7-8640-b7bb40689614,Nicholas,Gonzalez,+1-896-811-2742x8114
0c54faff-44a8-4cea-9234-ae53d25ba4ee,Jessica,Serrano,(647)648-1726
4e9ab8ff-bd65-4e2c-b827-658e39cfd1ca,Jeremy,Reyes,609.233.9280x4654
2a4f7a85-7b9d-463f-8651-036f3d24769d,Thomas,Crane,298.539.3542x879
ff5e74eb-7c86-4e79-81c2-1edd53b207b6,Carolyn,Hoover,7095724979
5673bf45-11f4-458c-8514-017140603143,Anthony,Richardson,222-709-7783x495
464880ca-ebf7-4b82-b04b-bb31ab8fcb2d,Jill,Coleman,675-891-5145x28974
3baa0f5f-2575-4c55-bf83-07ade5bba027,James,Mendoza,485.844.5653x997
0cb85f54-22b1-4582-849f-b8bdee37ab28,Christopher,Allen,491-507-7169x2208
da0fb62c-a30b-4e22-982c-18e80c52a5f8,Bobby,Davis,615.393.6077
2d6e3c1e-c8f8-4e91-9ec7-7465f3a7b3fe,Veronica,Vaughan,305.971.8675x008
95b77c6b-bda6-4993-a848-11bb713b274d,Holly,Dean,+1-385-774-7023x788
7c87ec84-2608-478f-bced-70e16cdef9da,Sarah,Rivera,257.347.1934x35038
2083e208-f225-4bc0-97af-265323d92bc2,Jennifer,Brown,001-225-940-9841x09035
ae78e344-feee-4e20-b5d5-2c62025dcf2e,Pamela,Hale,(222)920-3670
46a8b14c-7ce1-4c13-b11d-26b0d0186f74,Diane,Jensen,4019602328
ca342a82-4999-4fc7-b076-5a52653f059a,Anthony,Smith,803-524-3555x576
3e984342-4cdc-4133-904d-3ca3f320c52a,Heather,Rodriguez,607.682.4721x5658
7f0f057e-5fb4-446e-85ba-6d6bd4c8f0eb,Kristin,Moses,903-221-7764x8719
e59a2049-9412-4b8c-93ea-631415bb97f0,Melissa,Blackwell,+1-417-514-7413x0483
2c060e78-6628-404d-9058-ef18de111904,James,Allen,630-251-0086
7eed2123-5d55-4a99-b2ef-9d0e76cce507,Shawn,Patel,961-459-4756x70243
b0f835e5-77bb-400b-a19a-f71d545682bf,Valerie,Walton,691-390-2294
c6e2253b-2c15-41cd-93f7-44af1edbab65,Maureen,Dean,(922)994-0166x840
f518af2b-f809-47f3-803b-81175dd1d737,Joel,Nichols,001-678-826-5457x583
cf2ce315-ef25-43a1-bafb-54a6e7f84c4b,Matthew,Williams,(273)326-3071
b6e1c5de-dc82-4ce9-bfa7-203f43c84aac,Sheena,Taylor,001-520-340-0445x290
354ee1d8-919d-4f9e-a82f-be12dd95537b,Gregory,Simpson,(254)491-7291x53902
835d702e-ed5f-49c6-8114-08f503964111,John,Woods,776-273-0544x72420
7b071583-5d1c-4b9a-b4c2-ff1a3cb800dc,Patricia,Holloway,(957)898-4426
52cf9503-0249-4e8a-8cee-958bd703458b,Zachary,Swanson,001-400-275-2339x7688
b98929be-6523-4b17-8e30-dd1760a2a02c,William,Rocha,+1-717-730-7539
3df5aa61-5b9a-467f-90b0-680ef6b3fae5,Victoria,Cross,+1-973-979-2807x86285
d4fdf2b5-2362-403c-a3ee-7fe85a0de5c9,Tracy,Strong,(503)851-3258
211770d3-9b07-4e95-b44b-85d2ec39a10f,Michael,Martin,563.278.1878x44617
19954ac7-9588-4221-8d69-710fb2974a68,Duane,Mckee,(548)623-0129x99037
fa5a22e2-3424-4ece-b908-400640bccedd,Brian,Sanchez,238-800-6576x3300
e1cbaacc-1a52-4fd2-9e2d-ff32ddf05463,Melissa,Webb,(381)589-9408
c9bbf54f-769e-443f-8d71-0e58d7fb7bd4,James,Henderson,782-219-4476x686
8fb142a0-4e33-49a7-a58f-b62912de45c4,Amanda,Mcgrath,+1-826-788-3683x50207
1c2b8c7b-3493-4754-83d1-ae111875bf74,Joanna,Butler,001-634-253-5357x8750
50fa9094-a350-4431-aa4d-40ad2a97e4eb,Sarah,Edwards,919-485-5132x6414
7b6fe3e8-9e07-427e-9bda-61e5855f8033,Tanner,Donovan,281.649.6226x01452
b5030564-d927-400f-98de-4cbfed767075,William,Choi,+1-723-274-5371
24a3af22-8963-44e9-bb84-8eb325b904d6,Paula,Shah,+1-908-270-9002x939
6029101f-443f-41a9-92ab-13b312d9ee33,Brandon,Williams,+1-628-297-5216
e841c53b-415e-4735-834c-90d5c9095884,Kimberly,Gonzalez,001-849-965-0495x16860
74929700-f060-4f57-9be3-15133978b5ff,Larry,Brown,500.460.6275x91202
afc3ef6a-fd8d-43ab-a8d5-1d666ecad81b,Leah,Scott,001-736-546-5144x95476
660617e5-58e2-4fcd-9a4b-20672ed01d6a,Jeffrey,Carter,001-996-976-0494x405
56190a06-1b6b-493b-9b69-c850f9b595bb,Bryan,Golden,561-995-0508
6c35b040-1397-4404-a916-cd2a6e2b92e8,Jorge,Fuller,+1-695-427-9020
9e6f575e-3f38-4430-a618-18c26aeb8ee3,Beth,Rodriguez,+1-339-584-3524x6076
18845018-5690-494c-9c52-9d647701db41,Thomas,Allen,706-643-2776
6a9df217-8e36-447d-a633-6865f6960994,Andrea,Peterson,866.245.1628
5b2edcb3-aa5b-4f7d-a791-25a582ab6f52,Colton,Norris,(274)368-2315x42490
788f31aa-e906-43bd-928d-1509e1b9fbd6,Kayla,Flores,+1-726-289-1765x580
ed716b46-9562-4db3-8800-8e718f3ece5a,Michael,Fowler,+1-485-738-8818x383
eec22c36-f49e-452d-a651-05987ec4c473,James,Bray,001-320-610-3101x329
740fa40c-a315-4d51-89d0-13ca09aa7b04,William,Martinez,+1-978-940-0445
89d4b2ce-38af-41a7-b87a-d825420dbf55,Anthony,Bailey,(926)206-5344x110
a60ceae2-bce2-4e9b-88de-e48648224282,David,Austin,456.727.8311x40738
e07e1d11-b3d2-4207-8596-d953e500a565,Kevin,Silva,+1-629-633-3243x0782
cde0111a-5710-4457-a577-fe159de04406,Lawrence,Rhodes,298.823.9278x18689
09d50d27-9186-4ca3-a7f4-b23cba24be90,Daniel,Stewart,318.304.7486x572
fa57251d-6f27-43b8-8a0b-3a13aea59549,Shirley,Robinson,001-225-468-8082x6874
f75e37ef-0689-496c-92d9-b3e108669bcc,Rachel,Baxter,001-219-775-9798x4945
f0ff54b5-50a7-4204-ad8b-f4822501dded,Toni,Evans,446-317-1189x519
a8a92504-fcbc-43fd-b731-beaef414ecf1,Michael,Williams,5248158551
0eb09a0a-0e8b-4caf-861a-27d65d61eed3,Carrie,Brown,272-729-8972x65905
4c15711c-edb2-478b-8ff2-f3a455b46c7c,Collin,Brown,746-554-1772x252
293eaf05-d1bb-481b-ad4f-d9b23ed450e3,Kimberly,Johnson,(596)688-7161x168
b5f82331-0d98-4639-8771-5a54b4e59666,Natalie,Allen,536.287.5598x1698
a1488b6a-acb0-4fe7-a11f-4e1a5b4f50dd,Paige,Anderson,001-877-931-1731
b96a7de5-8d40-444e-90aa-2ed877df7d6c,Christine,Davis,(857)396-9494
34b1b40a-59d7-471c-94a8-c482e32cade0,William,Stevens,685-288-3840x109
4232231b-52fb-4de0-8b46-043a5c1f5680,Anthony,Brown,001-832-997-4627x121
8f4e0daa-9991-4274-837c-729061d0f058,Marissa,Ballard,(946)847-6498
7f6d4734-592e-4f3b-871b-488ddc89e91a,Jay,Townsend,(598)572-8909x1895
cdf8c0c7-92a7-4a67-ba38-e98543458e6d,Robert,Edwards,+1-920-322-2677x50021
b48f79ea-b017-471e-af2e-6618b0c4caca,Alicia,King,6514774844
48f3f127-f61c-4cb9-88f6-fcc722fb1609,Carolyn,Palmer,001-694-868-6951
2e63c23e-2a55-4e0d-9b93-a713b3f3dc93,Kimberly,Quinn,630.597.3928x058
52002738-868b-4f7a-936f-6ae57527e699,John,Hayes,288.442.8995
54e3ff2a-53ce-4861-9641-3fe937d83bb9,Dorothy,Walker,001-944-453-7212x010
db347cc2-97eb-4e8d-b44d-e338941094a6,Jessica,Simpson,001-685-543-6292
6f5cc60d-4a0e-4837-8187-da2ff5bdbc5d,Brian,Brandt,840.570.4351x35747
0c9823e8-7441-435f-bc76-ea4e432bcb62,Candace,Swanson,(969)622-1961x75942
e40b2042-3d4e-4da3-a4a3-a4c0767bc624,Norman,Barnes,605-708-4541x07537
5c413555-76ba-477a-9f44-fde74d56b7f7,Jessica,Jimenez,+1-378-320-4357
bb1a2261-17a7-4cc1-ab57-b25f87c8c4ee,Jessica,Navarro,+1-872-881-7939
230e6741-e355-4cbc-a818-3257181546d3,Linda,Shaffer,+1-282-420-9482x32406
5c3e3a0d-6d93-47a1-a02e-85fe6d04b3cd,Angelica,Bailey,378-212-5411x144
bb37128b-e09a-45c9-837a-418da356b925,Thomas,West,335-863-6789x5080
82ba21ff-88c4-4bf0-8240-f23fc39b98b4,Daniel,Roth,507.446.7506x1391
815bad42-2f05-43c9-bad6-d495c8c1cc51,Debbie,Green,680.703.1502
35e5305e-1cb7-4a09-a071-c74b1e1ce595,Jennifer,Davis,241.572.4123x7399
59e6460e-221f-4c77-8c67-07ca18338cfc,Heather,Ellison,(341)743-8383x00014
b160df13-d29d-4fcf-b352-41e7d2dfb15f,Nicholas,Estrada,001-830-325-0351x14826
b4541123-b6d2-42b3-b530-aef391962cf4,Jennifer,Trevino,233-380-8476x84632
861667d8-04e5-4873-a5af-6687a09311e4,Richard,Matthews,537.285.7574
dcc9a414-d63b-4295-9fbe-3fa46f1bf1ce,Michelle,Smith,399-916-0987x579
3ea361f0-2c33-490e-b065-c27cc599c878,Travis,Thompson,001-324-694-0877x4959
c5440942-6004-48fd-9ffb-c159d41987da,Katrina,Roach,(859)629-4973x1823
cd59ca72-9752-481b-8218-3510dbfcc086,Stephanie,Padilla,001-948-259-9375x9773
bcb83571-c4e6-4ad3-ad48-0de5be3057d5,Charles,Taylor,7952854566
8e1c82e9-aacc-47a6-9fa9-79f42fca575b,Reginald,Riley,(831)434-5503
b72e810e-6a24-4a55-a9e9-45c92ceccf8c,Joshua,Livingston,001-474-844-7048x84176
cf01e5f0-e312-423f-8da9-8a1cf357f716,Traci,Thompson,850.345.6256x3648
d89c6eac-3607-48b5-960a-23d5d8f1f06a,Vanessa,Farmer,+1-781-274-9008
6b1f58b7-c146-41c5-9c43-53ecc423b542,Debra,Green,001-687-730-1521x2417
840f64aa-f80e-4368-a65e-96286fe6912d,Robert,Meyers,709-519-9842
27bdfa56-8824-434b-8226-6c53c2a39c16,Emily,Garcia,4343333439
6ed52bd4-7d68-4e5a-883d-779abd2b3574,Kenneth,Simon,+1-960-284-0679x0194
04f741bb-0b30-462e-9d67-888ee602eee8,Katherine,Delacruz,602-750-7090x93774
e73c2c72-7ec6-4723-84aa-66eadec86911,Raymond,Wolf,(514)864-4295x85545
6da16078-aa21-4c92-9ad0-f2543262d7ee,Christopher,Buck,001-831-587-0234x966
ce656715-1139-453a-8098-d057b2f57312,Sarah,Gibbs,+1-909-879-5958x1011
8e269980-9c57-4685-90c9-ecde822690f8,Michael,Rodriguez,001-300-924-2174x05293
ca682c99-4efa-4a47-8618-dd53172a59ff,Veronica,Perez,653-706-4556x29218
6daa59d9-b47c-46e9-836b-51be3f01ea8f,Michael,Gross,933-843-6730x119
5fa5792b-3a3f-4b31-b759-09e72c3673b2,Cassandra,Harrison,(682)412-0647x0431
5738c835-bea1-44c1-8bb0-cefd8339df96,Christina,Thompson,3007296098
11d0c612-b5ad-449d-883d-a7730b748c8a,Shelby,Green,559-556-0176
00c97f18-9501-40a1-9290-e51ec5b05e7e,Mark,Thompson,001-666-924-5900x4733
767c3b6c-ed74-4ae6-9ca7-d183988f1ce3,Cindy,Grant,001-994-961-6636x24267
69785be1-be74-4450-9071-3826333561a0,Derek,Clark,8059027146
efd4181a-1c55-4e4a-b7d2-23578e34a4d5,Mason,Hammond,+1-603-790-0259x8327
2e420ff9-c8ab-469e-a52e-e2166dfa0a2d,Derek,Lee,900.477.7184x71809
f29ec629-abc2-4130-a04f-d9507e71d250,Elizabeth,Richardson,+1-723-749-8918x279
94df7439-6663-41c8-8e9d-c917293bc133,Jeremy,Manning,(887)600-0076x31297
feefc3ff-b840-49b6-8d98-923d23b03fa5,Bernard,Anderson,001-450-615-4495
52778c6d-e6ae-4a1d-b78a-7908f5823596,Tracy,Reed,+1-554-568-7966x3166
d373b0aa-dd57-4312-b4b4-44c1b44f1e5c,Wayne,Hawkins,366.642.3152x79171
ad76b461-f190-43b0-b705-748da8883d4a,Teresa,Sharp,(552)445-2753
61b28cd6-08fc-4b63-9e1e-9007e9ce4042,Steven,Michael,(728)526-0471
725c6b67-a773-4640-8b15-b57f12b4c751,Miranda,Gould,610.226.8674
9efb63b4-24fb-418d-a964-329ba428ee82,Jessica,Phillips,(609)870-1984x8969
55065865-0759-4679-a8ca-03d634c1d131,Carl,Anderson,616.595.0126x1599
97822935-a7fc-47d8-9672-4a4390adcd6c,Tammy,Lucas,305-271-3134x85737
2d87cedf-96ff-471e-9858-04cb962c0f70,Mary,Rose,923.248.9148x876
0e2ad65c-541d-48d9-9b6c-c6c6790942c2,Michael,Allen,985-801-6377x34220
517238d1-c99e-40db-850b-28ee69caa3a8,Sarah,West,4617308543
ba7ca322-594d-4ac7-b480-ab272c0e51fa,Bridget,Williams,+1-926-835-7402x2906
ac11f7e4-3b46-4223-be4b-ae926920c590,Patrick,Ferguson,(323)483-5555
8b2f269f-71ed-4ad2-98fb-dc8b73cd0936,Elizabeth,Freeman,(942)892-7222
5543b085-7637-4a24-b8d8-5f74ba93e7ff,Michael,Howard,797-557-6339
8acc8373-8efd-4a3d-b75a-dcd60e021ac0,Heather,Hall,001-403-610-9578x27946
34b9b137-c6e0-4f43-ad08-70c3bc7f4983,Ashley,Scott,961.456.1000x603
e625868d-ddd7-4197-b9bb-9475ae916e60,Dustin,Davis,+1-784-559-3505x0635
6b43e4f0-1dd6-482f-bced-e393e2f6eacd,Matthew,Jones,7816026288
3458df7f-fe82-4e54-bfb5-c354ca3cfcfe,Joseph,Murphy,591-884-8399x23520
f245dec0-5a35-47da-85fb-36647d31eda9,Kristina,Dunn,5163744338
22ab3c03-2120-4488-be1c-6428a8d125a1,James,Sims,(481)295-0427x42555
c8d81304-bc1b-4719-aae3-32df9ce460f3,Michael,Nichols,939.290.7605x670
975962ff-cd1e-4a9d-a3c2-347f9ac215e7,Christina,Martinez,(282)477-6337x26113
0fa29bbc-9e04-4482-9572-c6f370631b3e,Carrie,Graves,(910)271-0452x82936
eea8937a-2e5b-4872-9708-5ca38f3ca57e,Antonio,Curtis,(918)337-9266x12348
c803ee5f-aff1-4c52-9ac0-3065617e6884,Steve,Wilcox,641-743-6457x991
f742cb46-9bfb-4f1d-b918-b46026a82335,Jason,Lindsey,+1-432-891-8548x6581
69f933cb-4f8b-4a77-b300-368f00580837,Keith,Whitehead,565.501.7816x63374
b0d4b6db-b58d-4761-b274-e8b349e1811b,April,Reyes,634-603-3739x73124
b92d108f-031c-42ae-afa3-a3e54e88172d,Samantha,Hill,998-378-7390
f45202e8-9034-4ffe-9931-7b85eb635065,Linda,Hamilton,001-915-873-7027
7d3ec798-f4fc-4cb9-9ecb-0f49304d4703,Stephen,Carter,(910)743-9665
e71cbbd4-db0c-414d-bd8b-4d37f0afed12,John,Hernandez,+1-543-427-7560x464
ac668b7c-1e36-419e-9446-8ceeb56b2897,Sarah,Wilson,(345)766-2595x65715
34364648-f843-4c23-a90a-b8a556c41578,Alexander,Perry,290.970.0193x24595
a2cfaa10-cf57-4eab-b4e3-c16d332ac7c7,Jennifer,Bailey,7239118873
16308c85-939f-4749-ad0f-1f6dc77ad778,Barry,Cortez,001-319-528-8172x9274
0b757b1f-1235-42e2-9105-beb08b314793,Mary,Escobar,(500)584-8833
c5c0c774-2c79-4c2b-957e-ca00523128e6,Stephanie,Burgess,+1-201-662-6196x98401
fe15543b-80dc-474b-a55c-a1083d76acee,Megan,Bullock,(857)880-3941x96847
9bda4461-e583-4e97-ae38-92954e50737a,Jonathan,Trevino,001-750-922-8369
8c67ba90-39d4-4f88-9223-21260fbae754,Robert,Swanson,533-794-2693
2b345e0f-01f7-4e25-843c-6aad04d0beee,Michelle,Fox,7087858126
580a10ef-0bfa-4823-837f-e438e93eedb0,Benjamin,Anderson,809.669.8927
998dda79-e6e6-413b-a377-f63192ff7b6a,Valerie,Vega,(404)216-2090x9672
29fe378e-62db-4b55-911d-587609e8d948,Brianna,Smith,543-417-4929x16144
c1924e97-f9ab-4709-bac0-7d92237a8f56,Jeremy,Perez,001-606-515-6605
c23e1759-688a-4aba-b8a4-2bf7a198fd2c,Adam,Flores,514.242.1813x792
4ffceddd-e41a-43e7-bcbc-5b6c23932222,Kelly,Ramirez,(531)457-8089
85d608b4-2fd0-4b50-aae9-5c6070c768f1,Billy,Davis,+1-538-414-7300
250844c9-5e1c-452f-8865-1b16f4c99191,Sarah,Johnson,(803)886-5016x2563
16494077-690b-4357-97f0-192ed0f627a4,Monica,Carpenter,301-539-2357x3073
07d9556b-a1f3-485c-b83f-29d7528dafd7,Edward,Smith,890-246-8486x6949
3275e80c-a5cd-40c9-b2fb-ecf528946c3c,Linda,Branch,924-338-4048x876
0b2f7da5-8286-40b4-8cb6-f5cfb5985824,Kathleen,Chandler,(213)816-8687x824
feae1ae9-25a3-44d4-be8a-f1be00575738,Ryan,Schneider,(798)656-8830x0545
73887866-7df7-4f7e-8bb6-3dae051005f9,Jennifer,Gray,363-277-5900x017
a84a1d33-0a32-477e-9a5f-a9185c4ef5b7,James,Gonzales,536.454.3775x2707
0add11b7-b547-4e23-9863-96c7dddbc36c,Amy,Franklin,955-313-0095
cb77f30c-84d3-4098-a61c-e95067406bf4,Christina,Wade,556-584-3503x300
53698fe8-a611-4be7-9ed9-a71fc6a7fbbc,Nicholas,Johnson,243.377.5107
e4b1ad3f-0a07-418c-8853-2e32b3a718a5,Jennifer,Martin,386-898-8956x400
7ec5bad6-9d24-4230-96f0-44b48b46964c,James,Anderson,(471)492-6754
d33a0547-ba5d-40e8-bc3f-8a4c1530ef2f,Amanda,Avery,887.443.1705x9955
8b2f4e92-b84f-449e-b645-d9350044a224,Justin,Pham,(643)761-0770x62241
e5cb89ec-7ced-4325-b9fa-9126dc32f165,Sydney,Williamson,+1-270-587-7112
01a8a4f7-0016-4b1a-832c-c201dd227853,Robert,Knox,462.884.8906x8233
c24bb3fd-f02f-4274-b774-e2d2d36a20de,Eric,Erickson,+1-473-705-0121x17054
566c63f5-d44a-41ee-8659-a1b90ef302a7,Michelle,Thomas,001-605-685-3256x66232
784769b6-7ee9-4e84-9a55-ee43c4bdc980,Cassandra,Moore,639-843-7286
e036f8a7-ddae-43fa-a803-d3d2b379821d,Travis,Jennings,889-844-0742
4b2fe608-534e-4c7a-8047-0eefa6f8c08a,Victoria,Gonzales,(347)863-9550x9276
2b4722bb-1912-44ed-bbe2-8ecd8d597422,Abigail,Perez,375.223.4100
09cebb24-5b0e-4bab-8b2e-14b35f5d7e74,Judy,Bridges,996.542.7938x935
098039ba-126f-42b0-a57f-6e06136b3ea2,Jeremiah,Hill,+1-534-747-8592x3688
846d93ed-26a3-4499-812f-570aec7afd99,Karen,Crawford,316-728-0645
40566dc1-2548-4bf4-96e9-32d314a1bf8c,Justin,Meyer,001-489-259-5009x62059
f4f1da7b-7b96-4fe2-bd21-18182a4cf68b,Jennifer,Thompson,+1-318-356-3408x3931
648a0014-4dd6-4742-96f9-7041cefc7a09,James,Clark,+1-484-624-4170x727
d9a7b4db-95b4-44ef-a69c-4f59a3759b43,Sarah,Rhodes,+1-943-642-3597x0434
a6456e2e-bd49-4768-ab42-4707cb9da60c,Melissa,Avila,001-499-835-1578x973
f3f72091-3c83-475a-9909-cdd89ba42a52,Crystal,Jones,372.347.3042x10287
f99274b9-bf56-46df-a0e5-de1013baa1fe,Frederick,Hernandez,246.260.3852
e2f07c74-1a9f-4f82-9f14-1df9274082fd,Jessica,Peterson,672.418.6606
fcff360e-17cc-49ea-8207-40a58444f0d7,Wesley,Henderson,001-274-901-0281
a87dcf47-1dac-485c-8c92-a96096d23fc6,Zachary,Martin,9078108046
efaa1744-a2d4-44b9-b433-02870d275a8c,Carol,Simmons,489-311-3826x5707
202be57e-31ee-46c0-9b51-6fd7a5e26979,David,Murphy,(975)580-3643x64655
ff58f4e2-4add-4731-a4c2-1a8a2838827e,David,Kramer,(909)720-0483x6767
c03b3927-809a-4ab9-b0cc-87c2f3c2ca0e,Michael,Richardson,001-479-718-6867x872
384d1545-c586-4399-a13b-52b0a82245ce,Penny,Zavala,(413)517-8024x641
8354093e-ca28-4ac9-b9d9-739cdc71a05c,Steve,Serrano,+1-459-307-5963x53931
94bbb3e9-b59f-4c74-bafa-776192467b19,Christopher,Johnson,892.484.8992x0835
e6d0022f-809f-4bf4-82dd-ed3389cf6c46,Latoya,Obrien,4212741928
5eae5c0d-950a-46d6-ba46-b19262449dac,Isabel,Brown,5508519973
06d1e3c3-624f-40a3-97a4-107158dd6ff5,Jason,Evans,634-279-4741x25355
0dcf6bcd-23c7-4b42-bfb0-638c46dd7a7d,Shawn,Mccann,435-424-3038x292
a237ad71-a671-45ce-9f99-81ba195a798b,Tom,Murray,(840)518-9041x00646
d14f83c0-1dfa-4104-a46d-eaaca8e2b7bd,Robert,Brown,001-602-561-1786
b70e405f-7eac-4402-b0ce-fe39de931a56,Tristan,Rivas,(774)531-7180x82771
f1e830a3-e36b-4b02-89c8-5f4713240520,Veronica,Harrell,674.564.0232x8426
dc7bb2cd-efd8-46af-86cb-98e08726dc6e,Karen,Mills,+1-854-327-1316x005
3d2ab4ca-22d4-47b8-834d-1afde6c34428,Diana,Martin,587.975.0917
83b91d91-e6e0-49f1-b1cd-e89014ecc4fc,Jennifer,Parks,+1-842-997-9043x0061
524c37eb-d81e-4222-8dd9-4b06282f4b3c,Michael,Watkins,(850)900-9120
4f2a5fdb-8123-4734-904e-6f43f02f3994,Aaron,Chan,001-641-390-2703x3207
2972949c-e689-4473-871a-be388b22e742,Crystal,Young,874-278-7445
0532c824-e060-42cc-9ab2-ed8642d25b85,Meredith,Wilson,001-270-786-9626
1c211b78-c350-4cdf-beb2-be22d24ff639,Collin,Hernandez,001-638-221-3926x6515
4d85c483-8e6f-4326-a183-0290336f3234,Katherine,Hanson,520.513.3060x37134
76a811d9-618f-457c-840f-d675ab0bec02,Sara,Hodge,+1-763-746-5550x23999
33df22e5-21a9-42a3-9af2-7033bbff1f02,Chad,Murphy,(749)466-8452x23666
2b51c199-6d28-44ec-b125-3f6be2435ac9,Ashley,Bridges,+1-505-560-1437x6113
549b0942-aa4a-4878-a05d-bde548d5b052,Diana,Lee,6717081110
1304d68f-3a74-45fd-a17f-ad5576936542,John,Calderon,238-650-1935
0848264d-810d-40cd-ab82-ae8592e2861e,Melissa,Williams,7745171922
b3d8106d-e4f4-49ac-9a02-1bbef2c82ca8,Michael,Henderson,+1-219-692-9136x187
cc49284f-d9e0-48a4-9918-601ddf69d5fd,Ricardo,White,(747)248-8192x20467
57f69a72-3bb2-4c8d-a8bb-e0929aa94e70,John,Cantrell,+1-700-244-2913
a5931c8b-7a5f-4575-bc4b-7a0fdbccbaa7,Cynthia,Brown,429.940.9707
9efcde6b-ad2f-47c6-846d-58b2270676f1,Michael,May,539-635-5659x93897
4b10db41-c670-4493-91db-14044aff9854,Brandon,Potts,+1-956-840-4037x07944
2973a684-87a5-4fb9-8130-dfb109a46ccb,Jessica,Bentley,+1-348-990-0908x1461
8262547e-3f7c-43af-9316-e75bb2af8dbe,Jenny,Coffey,8542117006
99cd17bd-8dc9-4325-8508-f3a91e81f8ae,Gabriel,Jones,725.477.9798
7632ec7f-a82a-4188-b7fc-1f9f0bd4539a,Cynthia,Johnson,670-733-5800x7198
41e5dd1c-b083-4ccf-919c-cd66007a8a01,Nicole,Williams,+1-597-339-8676x796
c1b3dd6b-76e0-4803-857a-a4e6818b4e2a,Matthew,King,(380)244-1767
3a466696-94c8-438a-b69e-0d4aa4a63978,Tami,Willis,001-693-284-7237x9115
89abde13-5778-4d2d-b0f0-0bc2a51aad64,Sean,Preston,4852632969
a2e70e00-6d99-4576-8ed4-4d84c9f2c8c8,Robin,Rodriguez,(249)941-2668
361ce64a-74c0-4d54-9bb5-ea439dd9a1d5,Joseph,Trevino,585.688.7300
42f5aeb6-e340-4231-b597-9b96a596a7cd,Shelley,Johnson,001-204-842-9232x763
4bf2994b-c885-4f35-a8df-e383e4098260,Justin,Christian,418-686-8144
df340df6-e615-4808-9550-ae53fac3f81b,Dustin,Ross,6595420270
a42a459d-6f2b-419c-a2ae-3d4b71e918eb,Molly,Zamora,234.447.4307
589014bb-b847-4616-8fdb-80fd9853574e,Susan,Jones,729.754.7289x15002
