driver_id,first_name,last_name,contact_number,license_number
0023a99c-3ecc-48ab-b00c-53423c611a09,Tracey,Evans,+1-602-667-9594,464032
5912763d-d482-4312-87ce-d3d3cf68f38d,Brian,Decker,001-766-232-4155x1403,262401
f5bcec54-e0d1-400c-9e85-badd5cf35c8a,Steven,Glenn,8082250743,624340
e52885dd-2521-4615-905c-16f50954f95e,Alejandro,Wells,+1-609-335-1878x7575,494796
1083dc2e-1010-4d9c-b61c-6c558b66481b,Tina,Landry,849-619-5262x307,249991
342153f9-1fe5-4d80-be37-1838ce610b20,Deanna,Clark,217.465.6883,712428
5b22b3c5-8b45-4324-884f-1e09ac239556,William,Fuller,001-483-380-5757x931,859611
d01d8981-1bf4-41ce-b6c4-c1e78a33873d,Cameron,Hardy,+1-300-759-4828x58399,805226
100fa701-91e5-4398-99eb-9ad055d95de5,Katherine,Edwards,992.887.5372x89333,641455
9862c136-440d-455e-a789-df5e654004f8,Madison,Brown,640-598-3415x79029,857155
7a193547-a6de-4db8-b0b5-21f60fe97883,Brian,Jenkins,774.305.1417x9183,210269
846eeefd-e21e-48c1-9078-01cb3d629e33,Daniel,Silva,(645)317-0119x7687,241999
778b3bed-b523-412b-ab53-867ab4940a31,Manuel,Keller,7859205095,766290
c32bb7fb-6b91-4105-95b1-7e09d57df329,Travis,Trevino,001-675-504-3189x0611,611927
7bdfa5e2-c39e-4fd7-83f5-c614723fe985,Patricia,Gonzalez,777.713.2221,477806
a4dbf51b-ed45-4a91-b49c-071deb2eb2f8,Andrew,Arias,+1-475-653-7337x4196,906338
fc1d33bc-1781-4fed-8790-c1d58772b15e,Angela,Barrett,001-933-755-2591,793397
ad009cde-cec5-4e6a-aa6b-e38d5688de1b,Luke,Newman,710.943.9192x88837,899810
6ce78bfe-aa0f-4577-bcaf-e49a32ff2d71,Jacob,Nelson,5174723803,396071
a845af1d-7ec2-482f-9a5a-67a2f9c50e62,Linda,Rosales,+1-353-245-3125,130411
3f1fc4b0-d3a0-4f2d-82ba-eb0e74c37001,Timothy,Fuller,+1-396-720-8552x1783,184122
962c3522-15b4-4561-9da8-6eaf13dd32c0,Taylor,Johnson,(555)580-5448x29385,881925
c3d685b5-7c05-433d-a934-be1d822044e5,Shane,West,001-689-285-2850,981500
361d966f-536e-45f8-af38-b4dbde2c8054,Susan,Cooper,(791)228-2914,383859
779ace32-bbd9-4b85-9f79-c7a5d66d870b,David,Taylor,001-333-302-4025,885979
36ef092c-22a7-4157-98a9-ae6f0d646ade,Ashley,Hammond,001-215-283-7118,474414
bf32cb5a-71ef-4c19-ac85-361b91bc7dd5,Kevin,Ramos,829.672.5349,921441
b23621a7-2be0-4eec-90a9-1665396a37e5,Logan,Brown,940-596-0056x286,104065
330cabb1-e7bd-49b5-883b-e1a9edfb09af,Jason,Drake,295.532.9107,353818
7a622c2d-05e2-4e4c-977d-d2252dbfcff8,Brandon,Smith,001-652-293-6978x449,266231
aba5f620-54cb-4b44-9a16-3ed6e048847e,Robin,Carter,493.950.4427,155464
bbda694a-7bce-4df3-a7cc-5c42d17ec471,Richard,Mayo,251.523.1363x7624,412371
4fdd1dd4-9202-4c38-bc36-88eaabcec04c,Henry,Ramos,637-247-3335x4371,811079
465cb039-cd11-4b0b-bc79-8041e629780e,Kayla,Bond,+1-528-233-7962,549309
54d60fd3-543e-40ca-901d-50ba57979ed8,Tracy,Ward,+1-616-547-9616,632997
8c1dbcf9-a605-451d-b421-80bcc6923840,Eric,Gardner,(401)668-6937,748708
1295a400-31e3-4bf2-91fb-2b2650944dc2,Michael,Lopez,587-742-7387,489542
67e07e4e-b2c2-4a8f-8ada-653999c073d0,Mariah,Henry,456-573-7813,826126
9d75771b-8e1d-4780-85bc-678bcfbbcb47,Lisa,White,630.672.6740x4233,265455
d226baf1-c120-47f9-ae31-964fa4592222,Steve,Porter,737.367.6962x35321,365358
8c2114b9-473c-4978-a919-ce59a5cc6169,Bradley,Garner,+1-462-876-9345,329403
1f82636d-9361-4993-a11e-8bcca376d32b,Sara,Kennedy,(595)364-6448x886,407236
3ef63366-4106-451e-9ae3-0d063529891c,Christie,Zimmerman,(700)417-3733x26913,449670
3c563cb7-e431-4954-ba13-c61e569ef668,Samantha,Frederick,(889)690-7347x629,535202
11240b68-0a0e-4fb4-babb-47377c0dc717,Carol,Haynes,6179553018,501199
5661c55a-81fb-45f5-9689-cd2a6f9043f3,Maureen,Cortez,733.888.8147x7802,744093
a489b013-7874-44f6-b1ef-bf9860d89528,Scott,Jones,899-333-9175,417767
687ce380-da68-4ca7-9801-2458bdb2e264,Joseph,Price,+1-933-982-8604,381940
6362e621-fe2f-41bf-afea-1423e3925025,Jennifer,Farrell,4376147764,650383
4f7dcee9-bd81-4cea-829c-4e38b343dcf7,Abigail,Hall,+1-315-669-6327x000,644727
526eee9f-da80-4d2a-9e7d-432a0573a08e,Jacob,Kane,+1-722-978-8947x92209,836494
d8a17e55-38c1-4c89-9809-3ecd55bb8f8d,Patricia,Wood,8099964477,986578
3d2006fa-dfc1-4d84-9ebd-d2ab503c49d6,Kevin,Vaughan,2563985488,404334
92daa3fe-8e77-44bc-b5b2-25dc262179c9,Ronnie,Graham,6419081944,916899
bde22a7c-b61f-44ac-94d1-d4ee8dc0158e,Angela,Young,+1-847-396-9319,659046
c0b81177-ce3e-4df7-8752-0666d616b16d,Ashley,Rubio,479.462.2535x518,337270
a9ce9d97-f142-41e5-804b-dadd2b1f55ae,Timothy,Kidd,+1-704-614-1664x579,149325
2ef6b04d-9c0b-4b9a-ae2f-72c27087e419,Brenda,Hart,718-832-0976x991,938297
8daf7a01-669c-4e6e-95ab-446211fc57ca,Heather,Ross,001-420-998-6606x419,703239
3ba4b6ec-4f71-4afc-abd5-9962a90bc573,Cameron,Jones,+1-759-837-5047x11994,889983
d2d330d0-9f2f-4b5b-b3f3-b399dc5b48b2,Carla,Lynch,(432)732-6206x2582,423977
9eca1f91-a973-4cc4-94da-6fc5bee2e79e,Christopher,Kennedy,(505)671-5029x403,584529
606435d3-c01d-441d-82df-02b0e7b8a658,Bryan,Luna,413.868.7426,988187
72799c3c-6cc2-4aeb-9319-22d111d2a585,Thomas,Gutierrez,+1-959-559-5394x4551,769323
e385e006-23d3-4d04-a7ba-0631821a8ce8,Megan,Luna,001-364-248-8661x27852,114992
a0305e1b-a745-42b0-aa91-cdeea4dada5f,Mary,Willis,800-886-5395x350,518655
1bb8442f-83fd-43d0-ad57-00544a2b5244,Barbara,Gamble,6668376653,610603
6e64d7f1-826d-460d-930a-0a21c459f658,Tony,Martin,260.989.0873,814992
6f95b3ae-edc2-496e-9862-1e81c41b80a3,Steven,Mcgrath,849-805-9163x4839,189989
d3d9f48d-06a0-424b-97b0-102ccd26b848,Sarah,Willis,620-632-5195x3875,376415
1bf2c337-eb1c-429f-8db4-9c0a8ff8b62e,Clifford,Walsh,(670)827-8696x7042,667966
c49659f3-a09b-4d15-8c1b-411727910af1,Jennifer,Wolf,(840)512-8485x439,948048
9bf0453b-270e-4e5b-b26e-f1cb4e53af17,Michael,Perez,001-980-265-5463x876,635984
e7b333ff-482e-4578-a660-e45f0de03cda,Kevin,Mahoney,001-484-749-7897x25259,702263
186e733a-09fc-4051-ac38-646347cf2219,Cynthia,Chase,001-429-254-2564,315350
b6a811ef-f7a7-4c98-89f5-d06960cf4460,Pedro,Williams,670.536.8127x72711,563776
9d6f3300-02b6-42fa-9fbf-f8ccd1775732,Robert,Cox,+1-643-690-1012x4075,250905
8b35d966-0f34-4253-aa09-0d9518bf0f5d,James,Wolfe,6485736873,368907
160f2377-7af9-4a67-bb60-5c85a2d1ff35,Christina,Moreno,001-882-898-9434,754046
4e4d2b57-0166-431f-af78-4ec1859ebcf3,Cynthia,Murray,734.539.2423,929672
2b381198-62c2-4641-b972-d4323cca3066,Emily,Flores,3114490698,668961
07ff2e3b-bb27-4d2d-a303-98d97b7651ba,Michelle,Kennedy,(738)754-2813,175739
9ad11a9c-8ec9-4d8d-b1b9-a25e2780c049,Jeffrey,Davis,685-809-5096x54680,467436
75a97ab0-f49e-4609-9afd-5da5708062fe,Monica,Miller,(789)206-2770,169389
9ee432f8-fc94-4853-8a41-616edc8b18ce,Bradley,Riley,564-773-2541,963789
5a98ff13-fe59-4358-8a2f-323261b8f7f7,Kathleen,Hayes,+1-593-897-7573x233,581833
bad1ca90-ebeb-4d64-9447-7eabc8af2bbf,Kyle,Douglas,819.969.3436x792,783342
0333bd37-8352-400f-a91f-0396d044ad33,Diane,Thomas,311.266.2151,327815
c7a1ff17-be39-416f-b791-c4e2893e87c6,Bobby,Armstrong,810.787.2133x289,727269
060c76f5-0529-41a7-8adb-09045250b57c,Richard,Pope,628-701-4478,452978
67d6ff48-8bf4-431b-9a1f-112bd5d0a1ad,Aaron,Obrien,581-541-1057,261900
766dc824-9814-4e34-86fd-6b5895ecf788,Jenna,Norman,465-850-2185,966941
470d3c69-4f2c-46fb-ba01-677ccc7d7edc,Matthew,Larson,3278123024,749092
062965bc-7ec8-442b-bc6c-2fecbf991202,Willie,Harvey,001-514-661-7688x05368,792573
c90ef268-d4e7-405f-8b83-c050d931a81f,Betty,Sanchez,+1-554-959-2251x7013,312124
5260bf8e-3d98-47d2-b962-39a6f8ec7189,Aaron,Walker,(306)207-6244,888187
b956bcd1-0288-4feb-aa8a-aa27c83a4e3d,Kimberly,Davis,862.799.6706x98509,335729
2c444cdb-4917-4710-9557-498e657af56d,Brian,Wong,+1-998-868-8651x538,175747
0f2497b9-3e00-49ca-87e6-87f5259ca38b,William,Brooks,940-641-2133x9438,849592
425bc8c7-f643-48f3-aecb-6e1a26e88eb1,Leslie,Holmes,572.654.9952,729076
30048059-d365-45e2-98b8-c4bd8b055dcd,Gary,Palmer,397.950.2281,567440
cc37075d-c3ad-4877-a170-802e84fb5e18,Paul,Griffin,+1-331-512-0506,385760
14830df4-fa78-42fe-ac88-f8a381d2b23a,Austin,Brown,001-952-965-0341,468454
753b23d4-f3fb-4432-99cd-65c1f498f344,Eric,Lane,843.220.9553x0248,796122
214da454-b652-49d7-8212-518dbc8ea592,Luke,Evans,404.878.2582,823598
127d4b04-f1ff-4996-8102-0fa52448355e,Mark,Graham,3746486677,529940
8a4cdd84-1237-4e64-871b-6fd738c52aa3,Anthony,Evans,+1-594-534-9495,950621
933634c5-254f-411b-9f14-89e8df7dde09,Denise,Williamson,001-739-239-2638,725706
59102d76-c94c-4e68-8ce9-8fb3941845ac,Jennifer,Bush,528.854.7872x022,874788
ae7dfd96-2472-403c-ab0d-c1caf6c9c9ef,George,Carlson,(445)665-6631,413854
d413657e-e571-4083-8ffb-898a4deb7369,David,Williamson,729.518.6092x14522,567202
f0c20e56-fd7a-442a-8eb3-92d6d821857e,Jose,Green,9292139609,562267
adcda53f-39b5-4a75-a44a-9ec613a1f45f,Andrew,Thomas,(576)262-5602x2649,510501
444a802c-db31-48f4-86e1-c26400b45ce4,Nicholas,Cruz,873.436.3966x2210,492158
dcb90296-b05c-42f6-8348-4df379709325,Kimberly,Johnson,676-568-1616x83199,760067
b80696fc-2f68-4bdb-a19b-a28b228486f3,Kenneth,Jenkins,235-795-3864x9039,209931
854cc1ff-bd87-4e28-9f66-8d9c20336ebc,Garrett,Johnson,(353)246-2554,138880
8e924f5b-0e9b-4a94-9a36-3861f5bfc93c,Kimberly,Olsen,+1-584-276-5789x74605,135580
0e9d699b-da70-4ede-9952-cb3e66d3812b,Ronald,White,438.259.3935,644658
42625635-ddba-47d5-a479-f4a4f7ebdb3f,Steven,Carter,4528604291,610979
e4abf56a-28f6-4560-bf6f-c5d91b616ae9,Brandon,Johnson,(383)829-6331x015,583128
a3a75977-aad2-4c53-baf4-fb1a0c3fc474,Thomas,Mcclain,351.230.3391x686,243229
502dd92b-405c-49cb-a9ce-1dc578242280,Brenda,Martin,+1-696-833-0576x27493,190626
6c38c41f-15ca-4c96-8046-f90722a9021e,Isaac,Munoz,996.799.4747,294658
208cf151-7cc5-4a52-9b7a-c46cc4b1a27e,Benjamin,Anderson,+1-618-641-8189x103,251995
fcc559f4-e409-408d-bfba-fec19bb0ffcc,Russell,Campos,601.772.9870x9160,133791
48aa8ba4-e228-438e-9049-53489605b60f,Kevin,Diaz,683-214-5058x08670,488945
33313df7-e320-4aad-bc50-65c6249fdbba,Tammie,Meyers,8998003518,893807
9307acec-89e6-4d90-913c-19834d6fa94f,James,Arnold,316-393-8753x48455,458569
6a2309c3-5004-422d-a5db-bae38fbaace0,Zachary,Berry,668.450.1257,311537
24fb6415-e8d4-44ba-9b53-67bcba06a6cf,Matthew,Shaffer,001-848-736-2529,248737
00e24455-1cf1-4c52-b942-2735b0aceebd,Alexis,Taylor,971-327-6978,269730
a1622e7b-5806-448b-a3a4-b028299f6e6c,Jennifer,Huff,530.715.9166,446091
c15cded7-075d-477d-886d-0e7ad4e5936e,Juan,Lewis,001-512-802-2564x319,848341
b7fa90c7-d6b5-4e30-804d-90a32ca8f3ad,Alexandra,Parker,001-359-314-7938x9690,897351
834062e9-cc01-457d-845f-1d009bd320a2,William,Case,(384)286-0387x041,855892
94161e3f-80d4-4274-856c-47629bf32e26,Daniel,Flores,(720)458-8966x3329,446180
e6cfd1e7-ce92-444f-8d56-1acc1ee8c294,Robert,Owens,9823599588,225349
4360d4d1-b9e3-44c7-906b-30291e4e6a75,Joanna,Ramirez,001-554-382-2088x99530,416353
96bdbbf4-eac9-4a52-b371-624653656421,Nicole,Barrera,(527)583-4487x172,346056
fc655173-28e0-4636-8341-e4289e1184e7,Brian,Allen,885-381-2631,269611
809933b2-f1e6-4bc5-ba7a-e335af7d05a5,Abigail,Stewart,001-398-205-8339x8324,467542
86d20775-42dc-4f89-be38-7049d7eae69a,Micheal,Lynch,875-629-4641x896,577729
5dbd8fbb-a938-456b-a3e6-8a5fb239f3db,Gary,Jones,652-968-2233x554,232506
9677b43e-cbe2-4e2f-9967-c6349a1bc23c,Robert,Stewart,875.602.2256x19717,528458
87ac44df-fac5-4dbc-9e3b-a8b413692e28,Danielle,King,642.268.9898,342654
e1ba4913-be8b-40eb-b78a-9a9c904173cd,Valerie,Mcbride,(794)729-6536x108,273002
fb18e556-740d-4fc0-966a-79420ba8d64b,Pamela,Barnes,694.982.5974x8552,630057
4ef42b80-9686-439f-be6a-96d9206161e2,Joshua,Blevins,(716)354-0817x41804,220975
f7abe313-b0da-4869-a6ff-8308fafd6f6d,Albert,Harrison,001-393-960-1037x3479,689937
06005c65-ff58-4c2b-94d4-00d741b88b9f,Ruth,Torres,2926770307,815213
ba682346-735e-4b19-8a4b-a547c05725fe,Austin,Morgan,(832)696-1030x3549,577474
64f1df10-127a-4742-a415-8c4b463610f7,Robert,Lee,6185979611,774434
2cce6593-7f6f-47d5-9c39-48b59249a507,Jackson,Murray,001-903-645-5157x2537,660839
460f1a69-47f4-4e13-acd7-197b1af471c4,Krystal,Jennings,+1-399-526-4503x056,370597
c0394686-f77d-4b2b-934a-a65e419ad52b,Nathan,Grant,266.409.9159x023,457175
d3cc4910-906b-477e-b660-c188566e9b32,Elizabeth,Cameron,(229)711-9394x7656,561699
4d547cfb-31b3-423b-9fd8-71990fff0912,Carlos,Tapia,001-669-308-9210,325484
760646b6-456d-46fe-a0d0-fc97534d2b4a,Aaron,Curry,001-771-348-5351x32095,806414
37876e88-3d91-441e-a8f3-772d847eb4f6,Paul,Ramirez,001-309-799-1671x435,898635
6b2f57c3-bda9-4d68-91c3-1d8c978d21fe,Alexis,Lucero,781.589.1878,614646
6059f12e-582a-4db2-b7ef-76e12c400504,Heather,Martinez,+1-910-328-1377x2397,316190
75fcabf1-18c4-479a-9a89-94aa8c39786d,Kylie,Mitchell,(907)587-2841,727709
db2db700-4ed7-481e-b1f0-97e8c9bfce65,Brandon,Trevino,821.249.2459,751254
44b05b17-8d81-4380-86e5-b5949337c5d1,Megan,Guzman,(520)497-7414x12546,839452
b5063582-6dfc-4125-bf60-8d061599c41c,Julia,Shields,001-718-395-9838,376278
8343df24-a6cf-4364-9cb9-de8a106e5979,Omar,Dominguez,8924261306,405315
535f9082-982e-486b-8037-8acb29d99088,Erik,Smith,257-440-0578x229,355746
ceaf748b-6522-4c37-9894-748cd031396f,Keith,Acosta,652.828.1585x1443,262416
18712a11-e491-412b-86cd-cc03b9b00906,Ashley,Owen,(272)506-7183,869325
c633fdbc-017b-4de6-bd91-9a462bb2e9e0,Daniel,Richard,(339)392-7609x61152,685949
78888ae0-da54-409c-a57e-ac33a2057277,Joshua,Taylor,429-346-4103x79620,422463
74bb9428-863c-4b56-85fa-2a81c3d462e0,Kelly,Aguilar,001-377-469-7239,597197
3deab4d6-c3c5-4a89-b4f3-c9aa85dd14d7,Roger,Walker,856.946.7604x316,563905
ca06538e-65e6-44ad-a1ce-d8013f80dc0c,Hannah,Morgan,245.438.8019,721306
df68e6df-24d0-459c-957e-81889b042986,Linda,Lewis,(847)816-9327x195,697755
727b183f-e08e-4681-afeb-e0548d1c1d0f,Christopher,Dalton,311-665-1328,659875
2d6222da-6f83-423f-883d-e129ab950ae0,Brenda,Nguyen,+1-518-939-3604x3458,909908
0bcd3abf-893b-4240-9fc3-53ec67a8820d,John,Ray,743-750-9801x5011,129621
a8c0f6b0-5a13-4572-8f67-6b7a5db35710,Jacob,Rodgers,+1-533-315-8783x20982,808645
95e6a3c6-ab08-44b6-8e6b-488a010fa48d,Robert,Jackson,+1-903-256-1656x87502,297973
fca924e2-a143-48d8-a9a2-331e42d61628,Kari,Miller,001-292-639-1425x0030,948554
e998fd36-3852-4071-91c7-5a59e5c4cd46,Kimberly,Phillips,+1-771-578-2919x16422,391322
cafa95b5-6119-4b04-83e0-5576359d4d98,Bryan,Morales,488.609.8439x558,616810
b5527085-b36f-4684-a1ac-067777039e0b,Bobby,Vargas,729.484.9690,893722
826eb85d-304b-4022-ba9b-0c05d1bd9b60,Rodney,Dunn,+1-953-390-3113x159,464022
6995bfd4-277c-4542-a790-3986ed1a74b6,Denise,Clements,(783)667-7464x799,773083
3c1367b8-4094-496d-a8bc-9b426d934f6b,Patricia,Ford,(350)333-5157,488375
0611d395-3a6a-4793-ba64-e7f8fa4493b5,Joanna,Santana,+1-735-876-4830x2856,706241
983917bb-fd43-441d-890b-20f17579a049,Jeffrey,Lewis,940-822-9466,970648
85ff97fc-7c79-43e7-8815-39386f223925,Dana,Blankenship,(966)925-5872x9941,252345
dd12b9f1-4e47-4375-848f-be1e0e4d752c,Marie,Gonzalez,(797)437-3725x762,949238
5fc5bd61-5e7f-4933-8ac2-aa6e0fb5712b,Adam,Baker,+1-957-292-2544x73031,822783
04e53bd9-905a-4ae3-923e-830ec06e605c,Melissa,Harris,001-413-444-2772x62577,339569
fe890c8e-ca62-4948-aba1-5aef5b96dc5c,Thomas,Ruiz,411.216.2097x63775,674494
0282b394-08b2-48b8-9548-1e9dcc5e8046,Katherine,Daniels,431-706-8325,893899
a9099567-163f-4df2-b97e-dd45833ceb54,Timothy,Mcmillan,900-773-7400,974217
23ab2603-659a-4328-882d-56de5e8adf2d,Jeremy,Morgan,414.786.2037,680939
c1f71dbd-0802-44ae-ac6e-3b2e084da36a,Edward,Spears,451.441.8895,692439
6536e033-fe8d-4fa8-963a-c566f1660805,Ronnie,Lewis,+1-603-931-2283,260447
ba2ee722-5cc6-4143-b9f5-86c7ddad24dd,Warren,Calderon,511-294-0915x553,510778
7fef9e30-b04f-4876-8b9d-0310b2e90cf8,Christina,Burton,246.450.6072,710437
1bf50115-7d64-4a7e-be5f-492da9b3578b,Christopher,Carr,953-251-2370x7507,377585
077de03b-bf30-419b-aad5-1e7c031a102d,Laurie,Love,396-937-9845x06800,286786
022b88bc-c459-4554-846e-eaf649216466,Robert,Porter,(786)671-1057x85530,465348
bdc3392f-fde2-4584-b538-df99812c4078,Cody,Lane,674-232-9714x1859,273746
86772271-6619-4361-ac14-aff919426cb9,Patricia,Petersen,(931)461-6947,152414
265d6ad2-cd16-432d-aac2-7d9557e0549d,Julie,Bean,4333994454,553711
2a5783be-534f-437d-97ac-4ee0bd1f6c7c,Marisa,Carter,650-884-1463x9403,416203
6ccb4859-c4d6-42a6-958a-5c7a0bb8e083,Cameron,Fisher,871-573-5718x7238,691579
21d55937-0652-415a-b0a0-16d49dfab571,Robert,Leonard,526.941.2674,127129
413f1038-3a89-46bf-8cf6-0071ded533c2,Jacob,Roberts,339.277.4670x12101,141138
600c7216-d76c-4ca0-958b-538fdc30ce8b,Kathleen,Garcia,724-540-3469x855,727602
5bcef8a7-fa54-4668-8658-b99cd23e9580,John,Spears,957.598.2533,504678
b2e11dc5-df02-4356-ab48-27a58ebb00dc,Bryan,Stevens,421.299.7720x1210,810609
71c75639-6088-4976-887a-be0cc9d2c442,Linda,Scott,+1-682-950-9315x3527,963527
4394063f-f079-4cf5-a947-d2ae7fade8b1,Robert,Maldonado,+1-885-273-1100x423,567998
bd1469f6-4757-497d-bfe0-f92643d8a5a5,Judy,Smith,677.771.2540,154996
0108a315-f0b6-4790-97a9-c4e182e27d6b,Kevin,Cain,820.902.0166x120,827383
86000ab5-ee22-4904-9206-c51b4c987df4,Kimberly,Willis,867.926.0070x47464,123588
f02c1a80-421a-4d13-b8a3-e00137d3680f,Heather,Edwards,+1-996-760-9242x256,416864
46243bff-71f8-4c87-bda6-a2c80ac5dc51,Paula,Stone,(584)750-5126x6005,218111
86575202-6fa3-4ad8-991e-9d30c1c11c0b,Kristen,Ruiz,260-373-5972x0721,285512
6ec727a2-e8ab-4aaf-ab18-1491a9569acb,Jacob,Brown,7783387573,186373
8d817d2f-2763-4b3a-a7c3-18ca34596dac,Samantha,Griffith,369-699-1718,299373
419c2575-ee39-4ee9-b830-bdfbd0ab7430,Leon,Grant,861.529.9615x318,775288
41838934-16fe-4f22-9f27-7509773569d6,John,Ward,(795)369-7958x1585,679034
b9692fc6-8fff-4662-bc87-842a840d2ac2,Christopher,Thomas,983.238.5840,780887
4f52426a-c772-4eac-acce-287f70916852,Timothy,Lutz,902.434.9673x341,941837
926dcf83-91a5-49d7-86ba-df9862d00eab,April,Russell,(847)709-4428x0853,134016
219bd4a4-4c0c-4da0-b854-86b3f4d386fa,Anthony,Pollard,484-841-8390,708936
fbf3dafb-7483-48da-bf8a-99a73985dbed,Christopher,Bush,(383)920-8344x11378,423236
c7ec5a46-54c9-4124-9779-a4fa0e13aa98,Devin,Waller,798.373.0098,120377
41248b45-d092-4edd-bd31-1842a9f3bcbd,Laura,Gomez,4625517056,685509
b4580d11-99bb-4a49-b9d0-7ad0cd56519c,Cory,Young,+1-380-764-5207x775,171808
bf562748-23df-4317-8a55-1a21cf9f47cb,Jacob,Moody,+1-538-893-4829x349,277687
545e589c-b792-4da0-9b64-b3ec761d61ba,Rebecca,Nielsen,516-926-2681x7001,972224
53330595-bf18-4bdd-8c2e-dc4179e6952b,Judith,Gibson,+1-367-414-2664x61515,205240
c459b261-a937-42fb-882b-362e0dac587d,Matthew,Lopez,958-425-8548,372761
974a7212-225b-40d0-8a36-51466570285f,Kevin,Morgan,(521)502-4873,119221
8b948ea8-e648-4184-863c-4845ccd3ba28,Kayla,Norton,(826)311-3056x0113,632486
2a9f4873-61cf-40ac-8cee-7db4133cbe27,Keith,Choi,(387)329-5010x325,531474
4ba6daad-4766-4cc1-a04c-887eb5bb9f11,Tiffany,Taylor,+1-559-506-1104,740873
8c13ecd6-56bf-4ac4-af43-a0bc70036e62,Robert,Ford,897-508-0052x84139,472534
e444567e-29c7-4e0e-be9e-99bb58b74c9d,Richard,Rose,8036821159,296769
60de3f0b-7f0b-4d0d-9fbe-48b9fe687273,Anthony,Walker,+1-438-449-8100x7285,172248
4722b153-9e0e-4929-a023-a005aecf18ae,Kevin,Wade,308-626-2903x223,472786
629f2150-9fe0-4060-a4af-91c56f0f44c7,Robert,Green,302.256.9466x538,546582
f95f6199-6c9b-4321-acbc-8cf428e1e23b,Richard,Ryan,754-864-3130x317,762695
c82f74ee-feda-4479-a4f7-440ce3a83617,Jennifer,Kelly,+1-924-673-9290x225,724503
fc0ce9c0-c724-44fe-bbbf-f0d3d7620c6d,Linda,Medina,001-687-608-5923,189417
ec6ef594-1e1d-4f90-af4d-fe1865d11421,Joshua,Cooper,+1-853-838-7592,132437
e20d2619-d3f8-4556-bb30-49db1a93a7e7,Samantha,Sanchez,373-615-8555,263139
3a8752eb-3cbe-4c66-a4da-e9feff507eeb,Nathan,Combs,(732)299-8017x005,121565
8c77ad1c-fe9e-4d31-aedc-e2a08c5c4dba,Kristin,Lewis,735-686-1543x91695,201370
a83d9386-a45b-405a-b5b1-649cd014c50f,William,Smith,(542)964-6031x0512,743019
c9abdf9e-5670-4da0-b1d2-3b41d85a1e1a,Wendy,Morris,(859)405-4488,641478
9184c190-db64-4545-aafd-4e381994d98d,Michael,Harris,9132427367,291017
9566394f-c7eb-40a1-9a6d-72db8e59145e,Cheryl,Howard,+1-329-540-2134x79146,592047
e97957a9-d417-4c8a-ab9a-93100f6b24c2,Wendy,Jones,810-252-3038,119665
c07f4af1-bc38-4cd4-aeee-a898f469ed38,Andrea,Brown,4589709436,398590
6e26e371-d8cd-4f5c-a58e-a96d3b286c32,Ruth,Wagner,307-957-9012,547907
a924714b-4993-480a-a825-cb6618352332,Cody,Cruz,225.786.6270,800395
dba5b3fb-33e8-40e6-99d4-959760aedaab,Ryan,Hughes,+1-286-851-4465x5445,757696
712ff9ae-b55f-4561-9bfe-4210a49a94b7,Danielle,Hughes,466-872-9801,315328
03b344f9-9ce7-4da1-b615-99ca6b5fc96c,Eric,Shelton,(809)450-9091,259388
ff485d34-e87c-4c2a-9dbc-3ea980b278e0,Christina,Goodwin,001-294-448-1928x2758,511057
9bad15ee-3ec2-4ee1-b5d1-f4f055c11545,Hector,Acosta,(890)514-0913x4581,270027
a1704972-b8e2-4092-8d1e-4b757d29570a,Alexandria,Pacheco,423.247.2190x40066,948493
fc774b5e-6490-428d-9506-1fcab8bcaf70,John,Rodriguez,324-924-8091x5873,938181
7f3e47dc-b03c-43b4-b650-6b93a886ce3e,Jesus,Stone,537-435-3267,522460
b5f95eb5-c17d-4c06-8947-b29e1777bb27,Sharon,Blackburn,565.636.0923x2054,296374
f08a6314-2095-4237-8c72-dfeff9aea8cd,Christopher,Graham,798-207-3632,161462
ccaf500f-1abf-4e3c-b5b6-b2103ab93c59,Daniel,Harper,591-424-9472,299188
6e27f516-8f9d-4a47-8c52-c0b55ef12804,Kimberly,Jones,(818)687-3923x308,491287
dd91b3f1-78ee-4f2f-b84b-4a2918fc973a,Anthony,Petersen,934.719.0234x230,564189
3d33a5c3-59a6-46f4-9978-17960ad68331,Eileen,Ramirez,(752)882-5837x89463,923144
1abd197c-e0a3-4d5b-ac3f-7504336e8710,Terri,Burns,001-464-220-6025x40620,277858
6e74a00b-40ef-4891-8923-945c4c03e3bd,John,Santos,(622)364-4563x296,592996
4b30ec49-52ce-454f-ab1f-8231083085f9,Brett,Perry,001-243-994-6096x4197,517700
97b850ba-d790-4037-829d-ae6b1fa2d564,Brandy,Kelly,6526367009,129004
544bc663-937d-470f-9491-14dacc338533,Frank,Sullivan,+1-699-378-2181,511966
e4c5e924-0559-4f28-b19d-9e8f337f9d5c,Eric,Robinson,+1-749-435-8476x08427,994027
331edfc8-88d4-46f5-877a-51b1097c8d5d,Kelly,Buckley,815.557.3745,812434
aab79099-0e4e-409c-8a73-ccf7f819e72b,Shaun,Roberts,858-619-6473,518025
87d50745-5d9b-4690-834f-b91e85359715,Samantha,Schwartz,5537081473,455479
bbd1b507-598b-43a1-aac7-350a91566257,Heather,Johnson,001-648-432-4305x4205,970252
848e7cc5-754a-4987-9839-af3ff4d35b69,Brent,Cooper,(213)432-6663x248,967310
e9ba45f7-67c4-47e1-9ec4-80d32d2c5258,Aaron,Edwards,377-318-3570x10036,528242
016a030f-bc7e-486c-9fde-328b60970f5e,Raymond,Hall,(474)877-4256,641459
70aaae18-e4ca-4a8e-8f2c-e056d9f623ed,Jack,Sims,8002657345,602991
1d365fb5-accc-44fa-899e-0f9a79d2f116,Heidi,Schmidt,(353)413-0052,537209
1016fd60-0de4-48d2-a833-5501e2439c4e,Vicki,Martinez,495.250.2037x432,778040
8f7fa233-f112-4828-bea9-1ddc4daa5e74,Miranda,Lee,+1-533-581-0154x1030,188037
3b86e333-b4c3-4ea7-92a0-709ff791e9d0,Victoria,Long,(415)628-0849x43918,399404
c92fe6d8-ee56-4da4-af93-c5980ecb3970,Donna,Warren,(298)724-8767,485765
b925789c-afb7-42e8-8e65-612e7f3b9ec4,Russell,Thompson,214-296-5565,898639
6c52a0f5-38e4-4fee-b32e-b828553e93da,Alejandra,Thompson,+1-337-221-1798x2909,135055
4ff11672-71cf-497d-9642-45c67154c21f,David,Peterson,(220)833-7325x030,326719
1d2e2d66-792a-42fd-8f27-fc53d71a37cb,Sherry,Wright,001-665-250-1572x59221,112590
4d652b9d-fe36-4d63-8602-28130df84380,Steven,Case,229.597.6063x12531,968394
41c3a2f3-4ea0-4e0f-b414-2c7647ddacda,Tiffany,Rogers,(214)899-6884x7931,331879
6866811d-00a7-4669-b64f-ecf224309d38,Justin,Valenzuela,8327473678,320808
f0a8228c-b524-4e0a-aff1-433721e9b14a,Monica,Brown,+1-695-673-7178x09901,335341
65d0517a-2582-49d8-b717-efd8054eae70,Patricia,Jones,635-903-6944,861562
f21d400f-8d47-49f3-90af-fd1903c5c457,Christopher,Sullivan,570-683-3219x9066,228609
70e0681b-15b9-4aac-abd6-0f23d4532c30,Daniel,Carrillo,001-557-884-6078x29690,433506
dca7c3dc-a151-492b-b23f-6c3a05ff81d4,William,Williams,283.352.9024,275003
330d5a6c-5bf0-461d-a927-edd5a9ec785e,Eric,Clark,+1-487-558-8284,872493
5c5c1eb4-a2ba-4ef8-bd78-410d32e44fe8,Stephanie,Martinez,001-943-841-3558,642579
8c51d1ba-b172-4c07-bae5-b0cadf1d2ba6,Jade,Hall,001-376-550-9492,203444
1d511e2a-d24d-444b-947f-5ca448042851,Adrienne,Calhoun,(886)233-8162x158,359576
1cc85838-afa3-48ed-9ecd-53ac1593fcfe,Adam,Mcfarland,6696795861,666603
838e24cf-080e-4af6-9d6b-b8d63ec3865c,Bryan,Walsh,815.399.4134,409096
91a3e693-b262-4b47-81a2-2a11ce490c6b,Mark,Suarez,001-517-932-2615x15410,704623
be262b0b-a1f5-4dfc-9a60-25725823cb82,Natalie,Dyer,827.421.6642,255256
bb09eae2-2038-4037-b38a-64d1966857d5,Kari,Wolfe,+1-277-799-4188x356,249406
c4069a30-29d0-4ac7-a405-4c5d5c6ae784,Robert,Espinoza,+1-249-811-4014x8104,177305
8ea924c6-fbf9-461b-872e-101a568f6fc1,Mark,Smith,(375)874-4811x1801,416941
2f763e39-a78d-4e8e-8469-39bc369bf789,George,Thomas,+1-566-595-9908x2313,164236
0660449d-5d41-4fc5-a7fe-f4eb516ed4e1,Kristine,Aguilar,755.627.1352,180034
388f69e3-f559-406d-a011-f16ed90d7582,Douglas,Porter,(716)387-1007,129146
9cae7494-c40c-4e17-8532-1f419d66a865,Mary,Hatfield,001-344-608-4314x93612,452722
29d09444-2f34-4fcd-92b6-0c78dfbeb94d,Lauren,Webb,410.249.4791,552331
5db2cdd0-69e1-4a00-a9f5-41f9b9c6e8cb,Stephanie,Blair,+1-896-410-3301x457,708164
85572d11-6b7b-4169-a7e4-55f14f60f5ae,Ariana,Mann,872.971.4583,135690
aa811e20-7bf3-492d-9af5-658bd9d7218d,Christine,Owen,4698677215,706950
6ddd51a6-c950-4644-b3da-bebabe6b511c,Logan,Jennings,+1-870-319-2719x95815,392669
c690eb61-9751-4378-831e-1bafda657f24,Kimberly,Vargas,(227)836-4841,642710
db4c58e1-767f-4f5e-9fb9-37b77ad7b563,Tracy,Sanchez,337.792.5519x34350,999375
a38e06d4-741e-4a51-95b8-53c12b4c0854,Daniel,Phillips,+1-745-475-5060x0781,349877
7d0009ae-6861-486e-8bd2-34ec64dc07ee,Randall,Nelson,001-447-245-1487x56093,102958
76c49d61-c69c-43b6-8881-23144a9fd461,Nicole,Vasquez,001-940-771-6345x038,255555
7e4c6230-7cfd-42cc-9efb-d0bc43908604,Dale,Sutton,001-972-966-6722x878,134267
0c185bfd-3a5c-442f-9183-ec8240e0dd83,John,Perry,975.331.3883x20290,434036
55359cdd-88ec-469c-b3f9-22bae740491b,Karen,Cole,371-811-4083,149219
fb59acaa-6011-4b7f-83f5-b602b4c64c2b,Michelle,Brewer,416.281.3334x60145,184010
ee37c814-160c-4eb7-8794-0c67a79336cd,Shelby,Valdez,(996)492-4875x57705,336550
b4bdc221-e3ee-4e2b-b58e-ce24fd3ef7ff,Michael,Taylor,(795)371-3565x78811,476457
56dac85c-890b-49e8-9e81-a9c39dfe9f2e,Walter,Taylor,+1-824-959-5690x862,975573
82d36b8c-5c6c-47da-a044-9582672831f0,John,Huerta,+1-817-362-2512,834434
d25077b6-e6c8-47e1-8489-fce8cd5384fe,Kathy,Patel,480-367-8938,506034
106a92e6-3995-44cb-ba9b-313f29659963,Kayla,Parker,001-234-237-9402,335342
f2bcde20-401b-40bc-9847-a483c8cf6895,Frank,Spence,(471)333-8467,263624
cae9517d-b24c-4b75-9ac5-72d56a38a1f6,Jessica,Green,287-551-4231x6811,409651
93431fd7-a84f-4a9e-b2a7-d3dc2264e10a,Katherine,Hess,+1-211-203-5505x7913,185896
3f3b9c97-8f57-4f24-be99-1475e3b37604,Judith,Johnson,+1-680-958-6852x9951,112985
19f02e7d-aace-44c6-98b1-406e512d5beb,Kimberly,Manning,001-402-682-9240x9804,527815
dedd9639-af59-4ebe-9332-7bee0453ed53,Ethan,Lee,(778)616-4351,542772
d4867654-47e5-4f9f-a8b7-befdc08c8db3,Ronald,Durham,+1-588-813-8108x1565,248859
ae633115-1528-469b-8610-529ddcbf0894,David,Jensen,(986)425-7870x96826,235938
64746151-4229-4ad2-b620-193964c4333e,Cheryl,Vance,451.785.3226,984548
fe7a0029-6a17-4236-8bb0-282f263e1415,April,Henderson,5032475879,160122
92dfc7e3-25e9-4e58-a0e9-c13125cf643c,Charles,Johnson,678-801-4218x740,591480
0a0239c0-e0a7-451c-b9e7-96802941c806,Katherine,Ferguson,980-283-8055,444797
69c82dd3-ba74-4d66-ba6a-4416e4d3dfdc,Regina,Curtis,001-465-977-4991,594952
7974b089-5bd4-4efa-b45f-9ce658f21eea,Veronica,Santiago,2107558352,713906
13237f77-a6a3-4b68-8b76-3128817f4f1c,Kimberly,Smith,+1-490-905-8820x98458,206411
3f5ae6b2-f052-4f49-b634-4b4f990a516e,Vanessa,Spencer,001-996-422-3656,507425
fdaf0d0f-a7d8-41b2-9b65-b8a079536072,Carla,Smith,(494)665-0880,460543
60cd9b8a-55c1-46c4-85b0-d83ba4a8740d,Katherine,Lam,(368)446-0289x7429,564244
3bc9f9a0-54f1-4e46-9a13-f04fa863627a,Amanda,Thompson,6386430376,407189
92ba8069-ee8e-4ffc-9357-77790f8e294f,Daniel,Bray,785.865.6578x29903,394875
9cb08bb8-9614-4ec4-a07a-4794f36e1525,Michael,Cole,993.423.8087x3271,965565
5526f743-08a3-40db-9a67-69e77ac945b7,Kim,Griffith,(753)310-6337,517493
ae3b6bd8-375e-4d82-908a-7147e32c4c9d,Kayla,Salinas,441.686.2491x30855,711817
c9127e79-91db-42aa-b456-d10b13cd1135,Rebecca,Reed,(415)214-9073x96503,446707
92df2ac0-0ab1-4ee8-9cc3-096be4f45de1,Corey,Vazquez,747-363-6712x26522,270569
205e313b-6663-4dbe-92ab-c5f61f1d4acd,Gwendolyn,Douglas,312.558.4721x703,469047
7fa8ecc5-922f-42c2-b24e-c35ae9712167,Mark,Anderson,656.607.4467,684821
d0d5cb9c-e893-47df-b5dd-95a515309e96,Michael,Stewart,+1-570-229-5439,905877
0754c0af-3335-4961-b998-70098f33e725,Morgan,Holt,3926536184,138117
972c5c40-63cf-4f95-a8c9-c6ecca201f74,Cynthia,Shields,001-990-716-5133,925171
31adf93f-3754-4b50-b86c-e247637385b4,Vanessa,Callahan,001-759-518-9833x7440,575530
717d2716-a69a-4323-9203-9f7290a5564f,Renee,Jenkins,574.512.4110,977565
08ecf432-6b0d-4a37-90e8-e875fa7887d8,Justin,Patterson,5683954706,108570
35283a03-172c-4fbc-9d1d-fed1d042c2f8,Scott,White,780-558-5140,764753
e4135667-8dc0-48c2-8a05-0dbf0f26be86,Julia,Cole,512-842-1814x809,482586
30eebb67-604b-47df-90a0-4e78517e563e,Michael,Henderson,3849622702,496965
e731155d-1aeb-4377-99b3-5efaca30a518,Mary,Ware,553-635-7457,176156
70e95d15-a99c-45a6-8b10-0d4a2ecc60ad,Jessica,Reeves,(578)745-5431x0237,976009
756fc0ff-569a-47cc-97dd-1b9cb12ec0ac,Thomas,Young,387-588-9060,879715
f3f6c22d-4311-4e20-b483-48a02ef4c28d,Thomas,Waters,(317)994-7052x81384,255110
9d481111-e174-4d48-a6af-bb55b3bff9ad,Kelly,Allen,845.610.9397,767088
bf0ab1e4-4f74-4b08-bf02-b3b0e4c33bc6,Jennifer,Anderson,+1-355-681-7408x2242,526353
00696c22-00e4-442f-b2d7-98d45a7e7839,Jeffrey,Johnson,+1-773-522-4904,799326
5a873c46-056b-4143-a40f-b81d9f9cfb63,Laura,Webster,(873)690-9856x724,344633
55c757e0-0742-4f4e-8c80-77ccd3c62004,Rachel,Perkins,001-753-983-6826x728,853431
fd7d22d8-d7ac-4a16-985a-f6b0d72c133e,Jasmine,Dean,+1-681-962-0848x4219,881745
8bf3ca0c-48bf-4f9d-b9e1-ad535fa4e353,Michael,Sanchez,716.395.6036x621,300590
e4b556e0-e04a-4ec1-a3b1-4b8e67234b4f,Stephanie,Velez,(760)235-1391x997,615139
0d366a7b-3ca8-452e-ab02-5b5838a2fa59,Samantha,Blackwell,937-471-1023,474228
be43867c-c67e-4799-bebb-a4955a9abdcb,Emily,Greene,794.982.4330,687522
5aee5589-11c2-48e1-8af8-badf7aae966a,Joel,Pugh,951-416-2593,294249
de6e4714-bae2-4c9f-b5c8-a21c1f9a312a,Julie,Walker,+1-454-695-5777x8247,493264
8ee16bb4-adbe-41de-ac21-6ce22d4fcbf6,Dominic,Fisher,975-375-0463,402835
dfd7be9b-8978-431b-83c8-76c6c7ce9eb0,Taylor,Hall,719.764.2693x8601,985582
fed30699-1317-457b-8d90-95098e5ca268,Gregory,Schmidt,665-735-1419,275086
59899a1f-9bc9-4fc0-a6ef-1238d36a317b,Thomas,Hernandez,(403)888-4321,228484
15b00a5b-ceaa-4f31-a2ef-6adc1d281d72,Amanda,Morse,607-503-3781x79048,961252
c24739c3-f5dc-43f5-a4b8-da47d717ac94,Amy,Guerrero,2083754020,772324
7ac53499-1c83-4fe5-853c-826f7f84bc77,Barbara,Calhoun,(219)853-3243,836033
efb051ec-64ef-43d1-85a3-c9b639e919c1,Jonathan,Jones,001-676-676-8393x689,448966
8f391d71-90c4-4f38-80a6-613cbde2c09e,David,Moore,727.419.0557,486857
2eb33feb-e737-47f1-864a-b4e581e5ca12,David,Alvarado,864.840.1107x7261,563495
df9702bf-67a9-485b-8668-afc4478368f0,Larry,Mitchell,813-886-5299,293893
321394b5-e9e9-425a-9a94-6f3d80e69bd0,Randy,Schmidt,294-225-8320x104,963038
15aaf125-a1a3-459a-850a-39b84b7c97c0,Danielle,Smith,001-800-300-0800x93112,162128
6a4844aa-f606-4974-ad6b-11a18334fcca,Katherine,Fuentes,(333)682-3451x441,587378
f0d4a5bc-8679-46a0-a736-f629a5f56025,Michael,Rose,(395)855-7146x23672,937472
265bf695-69a7-47b8-b36f-f93d4391bad4,Victor,Gomez,823-391-3864,798945
ed270d6b-29c5-4ebc-9d7b-f124c3e76f62,Amber,Jones,001-280-491-4147x7629,433217
c1e42e03-86f0-4d3c-a94e-b7803d33d8e5,Colin,Moore,294.865.3608,673431
5b4ce400-24a3-4faf-bf21-e16e16039de4,Michael,Gates,(476)855-5369x03212,534761
3622c319-fa66-4d4b-a209-d139cc41ad41,Pamela,Miller,976-681-8991,886392
413a5920-b8d0-4a4d-a83d-d702547c1829,Megan,Long,202.476.5596x732,454850
ee0ba3ac-3c81-4b53-aae4-ab0ef5f9e487,Hailey,Barker,+1-257-561-2561x21161,573963
fc26dda9-e868-43c4-b006-c34b50f5f2ce,Melissa,Barr,352-753-7836,462123
4ec16a3e-aa13-47bd-b251-9e83b96ca41c,Kristy,Ross,549-275-8296x48482,977821
b2c5e1a0-ba62-46df-9ae0-849043cd6f74,David,Kramer,(611)330-2602x01296,328116
f8451099-ee4a-44b7-af7b-30f100fddb9f,Julie,Kim,001-376-947-8648,585392
5f90a765-316e-479e-a480-e147621181ab,Ronald,Sanchez,(980)687-7904x961,189547
2a9d5813-7eaf-43d1-849e-20003de025f1,Michele,Fischer,(311)444-7577,444140
50d28188-e02d-4bcc-9ff2-47dcf867a39b,Brian,Gonzales,992.586.5016,176590
82ab8096-84f3-4431-9950-b3e35bff7dd1,Victoria,Mccormick,555.981.6587,880159
fd56636f-6e8c-457c-ad3b-c1a9fd575c62,Jeffrey,Scott,4067571735,725227
b7519b75-e405-4756-9f42-46e0e6aa50ed,Gregory,Oneal,(964)587-5660x88340,950989
cb253a42-b4e8-420e-8474-9e626f51b66a,Shannon,Smith,476-209-7950x0185,607133
6ca5a671-fe18-47d5-8091-a33f5ceee507,Brian,Anderson,001-847-223-9457x52166,608123
cfb14cc4-803c-48e2-a8e3-18a576986672,Deanna,Bell,+1-983-417-9868x54949,624538
ba4ee346-428a-4df2-beb7-fbe7aa9b5280,Sarah,Shepherd,867.560.8937x986,964908
ca4af4ba-c184-4033-afb1-5cfcf455aaaf,Brenda,Roberts,626-921-3089,585873
e6a1636b-d70e-4697-9814-6472c2666cc6,Gary,Christensen,229-838-8189,481904
589ea966-2804-4043-a2dd-f34a7dc90be6,Janet,Johnson,333.994.2428,374509
e8c41078-d95d-4bb7-8978-ea3fdff026b0,Jessica,Cole,547-770-9178x86847,405981
b7ff4fad-dcd5-4591-9287-23b75b0de0fa,Stephanie,Baldwin,734-241-4538x4619,372358
9e0038a4-f7ce-4267-9bc6-a09811fcfa16,Adrian,Allen,372-398-3138x0146,134401
ac43f895-17e7-4ae4-8856-29d66519b0a1,Darryl,Townsend,724-362-8308x39519,429775
8e5897e8-e719-42c1-a124-d25034b9227f,Courtney,Lee,(347)396-6272x64221,956308
f4bf7264-020f-4831-8558-536a26ae545b,David,Jones,628-653-8643,403625
dcf0be77-79e4-4295-9d24-cbec27068a7b,Tara,Malone,792-938-6497,208502
a86983a5-7c21-45e8-8995-e28c3b3795d4,William,Torres,382-444-9931x3088,278189
d7b47e38-ae29-4a8a-8a7f-27d1442d9143,Amy,Turner,+1-309-258-6257x03768,112551
c80f69f4-fee1-4404-b72f-de2dae07dd48,Kelly,Pope,+1-381-904-4544x534,887932
215b79fe-4c9c-408b-a659-a561c6a25bed,Mike,Davila,001-338-830-3944x0782,693246
90563e90-4997-485a-afc9-6812b8ff0a41,Brian,Hernandez,001-530-427-5182x1561,306288
3b103008-964e-4973-8763-94d22fb7ebca,David,Walker,4189842409,557181
09d0d7c0-0cbe-4eeb-9b3b-c493d6ad6635,Jason,Martinez,001-259-822-1235x87151,429716
47d248f9-e9ea-4e11-ac2f-2e6ca7b985c9,Katherine,Keller,001-661-664-6138x53521,349822
62932877-ef1d-404d-92e5-6826079a8af1,Abigail,Singleton,+1-516-372-5385x661,720451
e33905b6-2065-4ef3-8d45-5f76091ab2b2,Eric,Hooper,+1-696-977-7659x8442,965661
6a2f2947-2964-4235-ba90-daa05e4cef1b,Vincent,Payne,+1-620-745-8339,661983
b576d7d3-9856-432b-86c2-2d09b913f9d3,Joseph,Griffin,+1-460-222-3907x22450,586691
9978673f-2def-4f8a-9336-2de50e2096d6,Brittany,Mendoza,001-782-489-7373x18930,690352
bad167de-2610-43e1-a8cc-aa64dd74e887,Daniel,Murphy,226-316-1453x3509,219435
8819a360-7c75-4f8a-9444-b7fbe10b9edc,Angela,Douglas,+1-484-343-0685x5021,759978
5a1a9d69-36e3-4be5-b9f2-9b319f59dd7d,Teresa,Olson,+1-613-887-8428,370980
9ab62206-d466-447f-993d-aa2a46b0d36c,Patrick,Yang,205-833-8818,482459
1ed06aa6-8b3c-4398-b4c3-b6e1a7ba7325,Brandi,West,6379224640,532855
491ce1c2-b3a6-47f5-8fd4-445eb586cf6c,Justin,Johnson,675.283.1950x892,671641
88011e40-7269-489a-a159-fd41836caec1,Todd,Pugh,001-367-835-1204x0429,983365
700096aa-3f31-4055-9dca-17a1b34cd976,Donald,Smith,674-448-9003,813241
6a4a7909-11f2-48d9-bb5f-7153d5f187e4,Eddie,Allen,(770)724-7554x4329,956850
5e85f970-5f20-4d8d-8a6a-a91712c8c053,Tyler,Bailey,(984)874-2646,959562
fdbc4536-084b-43ba-b08f-6fad7be08e55,Thomas,Hurley,951-646-7927x9388,110878
527292dd-d276-455d-876f-5893f347f784,Aimee,Park,(797)529-8149x38327,678529
b26b6699-2035-494d-8786-bdebb5d303b5,Gregory,Gutierrez,(310)940-5776,215036
29272cec-c1ae-43bf-a6c9-3661a7f749ea,Alice,Johnson,001-616-821-9303x268,955028
c55e36ef-68b8-4eba-8b69-577981be954f,Michael,Tran,986-306-9905x19457,760907
71145982-f8ce-4b33-abab-c0cf3882fde5,Amanda,Andrews,277-308-0453x991,351835
b1f54be3-b200-4028-aa0d-23a5ffe64811,Paul,Whitaker,456.829.5604x3265,627499
0057294d-ebbf-4aab-98d5-3565795a6c2b,Dean,Williamson,671-362-6896x47072,729057
6e349905-ce46-49f7-9aae-4be42a9b9f6e,Gregory,Edwards,+1-275-399-4753x4293,574097
1b58ca8a-d055-4427-9016-a2534e701aa3,Rebecca,Knapp,001-305-369-1478x1930,366064
b63c59a4-1eac-4026-91b4-0fb9b487bf62,Christina,Parks,+1-201-600-3800x57032,227047
39796873-4ee3-4db5-ba88-510572600bdf,Elizabeth,Singh,001-733-446-6532x6005,350575
8883b596-0b46-43fb-83dd-f06c0d5540c6,Linda,Edwards,736-439-0826x107,195865
d4cd4481-f0a5-43b3-94d3-6a2b116bc29f,Chris,Bryant,520.708.2183,431685
ae8f0dc5-549c-46ff-bdbe-29922525b325,Shelby,Horn,585.736.0317,453297
2cce3f3e-3160-4d73-a4f8-dc4d3451b18f,Christopher,Foster,001-338-524-2029x71567,754839
badd8a92-2fea-48b2-81a3-825ea044aae9,Timothy,Mullen,277.955.0213,768206
4e4f6578-04a7-47e5-878c-f6e2aa2b7d9d,Jeffery,Buckley,+1-477-571-2262x439,306942
22eea88d-53c8-44e9-99d3-c0152ce29171,Austin,Greene,658.594.1752x221,188131
bd15c9c8-a704-4a07-a6e2-76ebc5b36b04,Courtney,Newman,(814)360-9828x1717,802573
693de582-265f-4c78-93bc-86ab43970a32,Mary,Bruce,+1-985-343-4446x476,954975
16e65278-e850-40f0-86c4-46bd06062fe9,Jamie,Hernandez,240.780.4612x67969,746474
3f7509cb-d993-4407-a3bf-5cb58922adca,Mandy,Howard,+1-780-220-7973,872856
a138658f-3684-43e8-b548-72228153b6d0,Laurie,Li,001-581-510-8594,551420
9d0c1bd4-120a-4220-9f82-edac296faed7,Thomas,Foster,+1-848-786-1971x04571,333510
55b832d8-88ce-42f8-b57e-aa4a9e004d37,Sherry,Weaver,001-462-889-2251x8307,957330
4b1c3659-fb30-4bdc-9881-679b8cbff548,Stephanie,Cobb,+1-395-734-7710x90346,286801
0e6297d7-78f9-4c64-bb4f-8183bd79ea86,Erica,Kim,870.742.1106,321983
a8c81d49-ec5e-4e9b-b855-9e2113436edf,Elizabeth,Dyer,783-666-7544x71295,821215
3f82cef1-306f-47ca-99d5-f8b0581a1416,Patricia,Davis,001-569-683-1577x0509,538265
32e954ed-504f-4b54-a261-ee3b9e644441,Debra,Lloyd,598.516.3052,340351
42a9fbb4-bc52-4511-a213-b500b27dc1ae,Evan,Cervantes,488.814.3354x075,444820
2726a243-a66e-48e1-bd75-db5a15dcba9c,Kevin,Sanchez,+1-995-942-9061x354,319830
f4325bdc-1305-4717-b16c-8dce042f1245,William,Conway,+1-323-738-0903x520,368146
ea932aa6-3815-44f6-93de-a9481f82f9ad,Tasha,Melendez,001-846-713-2183x69211,160822
cb5346a2-e05f-432e-a6ca-ed67a9c11953,Cory,Vega,296-736-0002x1460,122188
aea5d045-ec1a-472c-ba68-816a1dbe6bfc,Brittany,Johnson,+1-666-802-0224,682570
5960aeee-afcd-4b7f-a1a7-0bcf27806176,Sean,Brown,001-624-946-8250,971951
241f1c6b-c582-43e9-9c89-1687490ff609,Duane,Ward,976-752-6804x16104,900372
96a24503-f12b-47d6-af92-42cbd454c9d2,Kathleen,Brooks,9009810059,697713
97b4e0f4-5ebe-4726-bef3-ae57eebed319,Shaun,Gomez,948-607-2728x98642,884701
fb7164f4-227b-4a31-9b28-1bf59c7cc2b7,William,Nichols,001-400-480-8376x25654,854643
3355cb93-3db4-4171-aa33-fa974475079f,Christine,Morales,327.811.7136x6085,622849
9e8d380a-91ad-4ddf-b988-e5634b0eac9f,Robert,Brown,001-589-210-4881x669,637726
5e39fdf0-2faf-4179-889a-310d9479b8a2,Joseph,Miller,+1-987-393-4299,664483
0aea7dc6-68f2-4d0f-837c-49e6a9d6f3aa,Vicki,Hughes,890.828.6918,154743
71ad1afc-4c29-44f3-9931-3cb75e8745c0,Harold,Ross,363.922.9966x13096,596673
00c01238-0fe1-4a09-b90a-9d661bcc9113,Jennifer,Harrell,001-681-430-1537x507,166566
3286761e-f8cd-4527-894e-4dfd25d9904e,Angela,Ramos,692-812-1168x58090,149819
5d2e0b14-ea86-4bf1-b651-43c07d5e7be7,David,Evans,240-972-8687x705,690376
f1e09361-27b6-4ac6-82ef-b1d79712b16f,Chase,Phillips,931.874.8385x68770,677203
ceb3d3a1-49aa-47e7-9c2c-23fcaea81895,Michael,Wilson,756-414-4514x37491,380833
06dcf15b-27c9-4061-b9aa-a941d3e8a6b2,Scott,Jackson,001-432-864-1678x9151,555917
bd992bda-7999-43ad-9dd3-7b65476dc2c9,Teresa,Riddle,398-309-9172x75979,625799
756d7874-2f10-4f91-bf51-768a271aa3f1,Denise,Lutz,(475)393-9326,724090
d84863eb-0628-404f-9fbb-abb9e5c4035c,Kathy,Murray,992-989-3768x565,835650
e3e19886-0289-40f3-bfa5-9c2746898961,Joshua,Francis,484.420.1110x85458,524437
a88a8fe1-f0fc-4b45-b435-758dcb37a3fb,John,Miller,001-609-566-5853x1192,199890
7aef277b-a1e6-4711-abf3-f087df7aee9a,Steven,Morris,7693547734,837362
7bb438a4-3cb9-44f2-9506-3280e476b1a5,Andrew,Williams,567.410.3445x4065,866534
5efa04d9-7e2e-41d0-9ff1-4b46e36de979,Craig,Roberts,240.999.0872x4815,758106
14cabbd3-5b5e-4064-87f1-cd206df8e6be,Tracy,Hernandez,001-211-591-2427,750228
fb9ebe89-9cea-4040-89a7-f80d9026c898,Raymond,Brown,451-471-1765x270,267034
52b94ae5-6ca7-4670-a5f3-aec69117b944,Kenneth,Adams,422-561-5662x4964,864211
9bf811f1-6762-4839-a180-11b856002c30,Julie,Powell,001-315-227-6267x657,824916
186b13db-4031-4333-abed-3ca08bdc9fa7,Jeremy,Daniels,001-873-418-6170x3516,432677
037a3990-0bbe-4065-b3cf-33d1a7883bba,Alex,Jackson,(732)710-1882,319099
62858d8f-d700-45c2-90f4-3e87778c030a,Brenda,Flores,642-511-9163x06256,969499
b028bd14-1f68-48cb-8f86-386ba80af910,Gina,Hoffman,220-918-8011x8391,599922
8dc66762-58e1-4173-b988-7912df0f4735,Joseph,Richardson,001-575-221-8840x361,913789
8023a6ea-ad68-4abf-9a96-0fed65517d41,Regina,Moore,001-550-558-6606x580,208600
cbffe7be-ad14-4eef-87e6-935e086fb1a8,Courtney,Moore,240.332.6686,938793
918d4522-a28e-41e5-aaeb-dc7df87c024e,Travis,Morgan,673-253-8148,808613
4985e190-c087-4e40-9ec2-593fb6f13183,Jacob,Arnold,5076281857,779869
1b97add6-b44b-44d4-9d2f-3a3b797c2ea4,Kelly,Wright,001-266-880-4548x713,125478
688c651b-da87-4a2c-913b-f5ca5722102c,Tara,Martin,6388339963,349256
ec358141-f2ef-4d26-b83e-e7446d0aee36,Sabrina,Mcdaniel,487.768.0847x75649,160170
be6ab51e-04fa-4dc7-b038-eb750643d8f0,Mark,Fuller,(856)832-8709x74618,635779
f38dff44-b79c-47fe-b69c-44a307559aa3,Beverly,Rice,402.648.2227x7572,763456
b023cbbf-355e-4c4e-bb81-289dea61c8eb,Vanessa,Hines,001-586-403-2640,870373
a3545871-c0a8-4a41-939b-be431d9073e4,Andrew,Gray,001-710-688-8332x8828,886687
b493b7c0-d9ee-4a5f-bcfc-6d1226331346,Kimberly,Hess,(815)580-4254,512513
7bf0c2a0-e542-431b-8c02-8b59c84df6cd,Tanya,Hill,(512)992-3908x0242,360426
87b40d03-2b68-4538-b487-179a7bded42e,Colin,Russell,+1-405-371-8228x79275,701904
2046c412-75f1-46c3-b4a0-3ba5d4236329,Debbie,Riley,251.288.9540x5134,496628
b29ca1b2-4e64-4fd4-81cb-29976281165c,Nicole,Lewis,+1-615-617-4197x1673,655044
f08a40db-15aa-43d1-b66b-158009a59377,Christina,York,950.809.5194,957230
003c8b89-8bae-42a6-bf61-76730ff11e7a,John,Walker,001-563-911-3687,275005
908ef0c3-3ba6-4023-a9cb-cb5b1472886e,Stephanie,Baker,001-895-882-6007x1260,385640
deb1be64-0a91-4f40-b527-c7d769ee3621,Colleen,Simpson,+1-223-838-9200x4656,760165
965655a5-92b9-4e82-a552-79653de56133,Shannon,Diaz,(335)960-0423x834,236729
9d5a7719-6e89-4e23-8ddf-cb72989b0c04,Jessica,Fox,001-937-690-6634x594,619228
556b48b5-0721-4f5e-b77c-2d5bc93bf0bc,Courtney,Jimenez,3228114531,288204
ddacea0d-4481-4f3a-9fb3-1d28cfadb7cd,Richard,Mathews,960-633-3712,873167
a31a946d-f780-425c-aede-7e2a2550cbbc,Sheri,Casey,+1-764-366-9148x934,824244
6d05070e-24c9-4789-9819-2a7e18f59f7e,Peter,Watson,001-321-949-8605,848757
0ab36b64-99ad-4021-9c60-5c41b4ad4b97,Carla,Blake,(691)740-2653x75420,976151
d33b78c2-935f-41f5-8072-1a170d6cfec6,Courtney,Wright,4375488426,551669
3838803e-3daf-48a0-976f-80986e8dd714,Brittney,Smith,728.237.2560,973155
10516d2e-2483-4f08-a769-339b448ce8d8,Kelly,Burns,001-340-304-5064,681917
3b40b8e4-eb90-4b1b-aac2-182964fe055d,Jeremy,Nielsen,593-724-7054x703,537222
62f3e23b-3be0-4419-b3b8-c3f6da2748c9,Tina,Rhodes,644.456.8089,452576
6b21932c-9aac-46c5-81d6-d42392de1d03,Julie,Hogan,001-729-493-8078x536,126621
45bbe0d0-4536-4ec3-9c4a-4ed6a5a54a55,Andrea,Bowers,001-971-519-8001x81495,799618
5fdb038c-b97f-487e-830a-b3dfe3946ee3,Jeff,Miller,935-540-8909x0633,747223
2adbb6bc-cf89-4b82-b189-64b343838949,Travis,Thomas,967.821.7609,290044
119420d9-786f-4c1a-b11c-2e2074d2c124,Amanda,Moore,+1-245-212-6131x84440,995703
8b78c56c-c333-435f-9ca5-439f51abdab4,Carolyn,Rubio,779.519.7127x062,941691
7f0db3a3-cb8c-4e38-a911-d049098f53f9,Brittney,Edwards,(382)485-9426,879235
e940b5a3-b089-484a-8d80-e00f69fc94c0,Eddie,Thomas,(361)891-2362,438411
f86f77ec-0aed-4985-af08-7a542661cd0c,Paul,Brown,+1-789-931-2155x72502,176695
106969ec-ff54-4af8-bebc-011f7c09d1dc,Crystal,Chase,(590)220-3379,607166
65082f73-e8d2-4be8-a64e-637d3b73aafa,Charles,Shelton,9752336503,899720
df7a7ebc-34e7-4ffc-9709-6e09572344c3,Diane,Gibson,+1-962-811-1310,546104
59bbfafc-3666-402f-80bb-17b39b87e401,Melissa,Green,+1-914-626-8695x3657,316099
edbe5b46-7eda-45f2-b2bb-5ae209d57cf3,Jennifer,Lewis,(645)797-2782,356689
7a41aa9a-1443-450a-ae55-0fa906a3af46,Amy,Hansen,955-905-7887x1256,439909
bff818b2-532b-468a-92a0-10fd5312daeb,Adam,Huffman,711-476-4527x1600,555382
5143d519-8b5b-407e-84f5-762412d500a6,Aaron,Shaw,464-786-0070x19274,269007
4d19e051-4d94-4f90-9c1d-2e3c24eb4ada,Mark,Miller,001-721-420-2405x097,332555
14505a12-bbab-45aa-9ae9-70448622f987,Curtis,Bell,001-879-550-0486,870120
be0e4161-6626-4f6f-a8cb-d65fda2f9f71,Sharon,Jackson,392-694-4641x917,950951
87887e94-a510-480c-ba82-2c370f2168aa,Paula,Williams,507-926-1810x742,367731
2e9aa811-f6a9-46a9-ab6c-849a2f1b192e,Kimberly,Mason,471-388-7142x915,740532
bd68cd1a-3534-4cdf-928d-3aee3b661e97,Eric,Garza,649-884-3518x6448,556280
b14b18cb-cf74-4bd2-8b4f-6b52fbc6b39a,Jacqueline,Mejia,(455)240-3112x668,172777
ffbfe50b-985e-444f-9583-ef80acf33f6d,Kevin,White,789-769-0041,897934
5efd6a9d-852c-41d7-a176-fb6a1b7a4045,Carrie,Martinez,813-445-9131,132634
0a615bb4-9c62-43dd-b69f-6d29914000fe,Cassandra,Price,676-810-4148,576383
be79b413-1002-44b7-8da3-ee171490154d,Katherine,Green,+1-841-621-2038x014,989123
e6aeff50-5f86-4309-8a26-8d2ee6858030,Mary,Snyder,(664)904-2832,725666
58b75fd6-8beb-4f23-aaf6-77f2b3ece9ce,Juan,Brown,207.882.6688,606061
b3658816-dc66-41ed-aec0-fdd906d3a4a6,Tyler,Norman,(631)318-6161,301268
98212f66-555b-4762-985d-a23bec7e4553,Rachel,Norris,001-934-472-9244x089,232162
acb942ee-bad8-4472-a839-1208c9bbe1e1,Marissa,Leonard,2669074420,465468
4039a923-3952-487e-bcc8-e9f9ebfb5959,Glenn,Welch,001-885-447-3842x35284,398599
8d9b6243-db77-4e10-bf34-384c36bf6411,Jacob,Olson,001-861-481-2685x67790,714334
e9bd9f1e-b0b5-44a7-85c7-b03db7c2f9ee,Thomas,Moore,(742)681-5288x54571,685648
76378835-ef80-4810-b5dc-5ec6a50e7345,Tim,Miller,+1-911-787-2120,447330
eb1186dc-f3ff-4065-8511-38dfd9532fa2,Nancy,Porter,429.975.7796,959043
2ee8a929-0227-4869-959a-98562e7568ff,Jeremy,Gomez,216.838.9962x732,978358
1b96450f-9a12-4831-88a0-5edda5410b9c,Douglas,Murphy,831-406-4946,608776
e2a6a26b-0ae8-49c6-9e6d-c1998aab1bcc,Angela,Bush,+1-393-344-0289x90604,339082
76c33518-f0c5-46fb-85d5-074d10054a78,Lori,Wilson,(468)772-8193x6018,358931
b35d78a4-0732-4053-bca7-9bcc272402de,Elizabeth,Sampson,457-765-4686x30202,733039
f1b03fa8-3cec-4c68-95d9-27510f41ee41,Richard,Hurst,(232)673-4462x4010,102968
31ac7b7a-2d5b-4a36-90f9-6a0ab34a9049,James,Larson,001-928-976-6991x08408,262505
fe7ff320-aa30-44ae-8d49-b6e561186abc,Rachel,Williams,001-366-985-8059x85946,548109
06f4882d-379d-4d04-9a18-8970f1b211a5,Joshua,Bowen,726-270-8570x6663,322075
f0aca286-ff63-42cd-97a7-746627680506,George,Pope,(324)581-5050x962,190396
9ed4317b-69cc-46b5-b5d6-adfa63593602,Brooke,Williams,467-705-0858x570,268976
ad2c9585-b0e1-4fff-b124-be7a6a7de72f,Kevin,Hudson,+1-503-989-1656x86458,786734
e7f21d54-182a-445c-8f1e-fa332775713f,Lisa,Lopez,(510)790-6671x8276,598954
6d4738b9-6e0a-405c-b18e-1b13796eecc8,Olivia,Callahan,361-652-2525,633032
e834eced-427d-4a6d-b402-6e908c4b01d4,Brianna,Butler,308.214.1440x5342,581353
9902b006-6948-4234-8879-9c799f10e301,Kari,Mitchell,6408044755,170176
d642e7a1-e964-4683-9c7c-a817e1ec3950,Matthew,Myers,373-726-0652x4685,892898
796eaa9b-a51f-4b4d-9cf4-3681a0959765,Cory,Thompson,+1-947-358-1465,211748
571bfe43-7b79-4d02-971f-99db69723f7e,Brenda,West,+1-709-485-2408x923,107932
d862a462-83c7-47e4-b60f-4011fe219f6f,Brenda,Johnson,+1-223-734-2409x942,456238
c5dad63c-4c89-4d2f-8ff1-6dd4aa334408,Christopher,James,(366)214-1813x42638,850413
b6a9a69f-7f19-4c40-af46-f1e8faf7a18f,Anthony,Cordova,748-985-7243x91309,558286
1bc4db94-296d-4641-bc95-f014aa354ad0,Joshua,Marks,9284614367,293184
2ee3b6b3-5ebe-4a6d-8988-e20b8f2c6e2d,David,Todd,001-215-742-6219x7229,945554
84c4d735-6aa4-4fc2-ba34-8aae1822f7bf,Joseph,Johnson,233-214-9919,297035
d2763e52-e140-4963-912a-1d3c6688e0b6,Michael,Franklin,+1-316-712-4291x9986,182849
cf2d15bd-edeb-4182-8e55-a22ed13a438d,Alison,Grant,+1-241-326-6718,505384
0e182207-bf45-48ad-a053-220d24a606d6,Brittany,Anderson,001-811-638-0502x6539,678810
000bc429-e31a-4115-89fb-d438af2c4686,Rebecca,Green,354.721.9695,468299
cf8759bf-7a9e-4350-8776-10727e32e7ab,Jennifer,Meyer,791-989-4493,263091
67ca7ceb-1bcf-49e2-a45b-fe4b67e56b34,Brian,Williams,(991)650-2252x7386,114103
2e2c0954-01d3-45ae-84ed-35b8fc681c85,Amy,Hudson,470.255.7428,628121
c5fe671a-85ba-4acd-8341-88c9e61c5ad1,Veronica,Baird,(660)707-5909x4639,162743
1472dc47-1075-4e04-a095-3a9758b01cd9,Sierra,Underwood,+1-219-629-5979x07952,783687
49fdd868-c652-4754-b4b6-d9d12eba118f,Anthony,Sanford,(321)363-7922x260,357254
54ca417e-c2af-4187-8963-d33ebe21a326,Jose,Hall,001-690-974-3748x7179,988960
1e0f2de1-d558-45d3-a14c-037f91962d22,Michael,Keller,001-814-250-9129,115219
13ab4a2a-a14a-49db-9534-4cba6ddafb8f,James,Nelson,376-324-8117x24979,102967
4967c8a1-ac39-4e06-a418-368e611dcc51,Jacqueline,Wagner,+1-428-607-1954x085,610896
8ce17e99-43bd-43ce-a8f6-e5865bee37b3,Rachel,Hernandez,+1-548-652-2611x4850,192119
40ff0884-5819-49dc-a9b9-ea47efc7d02a,Anthony,Nichols,+1-479-420-4948x7306,908002
624a6e18-42ad-449f-b3ac-64c2d6980f54,Heather,Walker,+1-969-526-0300x404,531305
a4192656-2eca-4b29-8531-2fa6dd23f5ec,Yolanda,Kramer,318-325-6683,834589
f66467cf-56de-4657-87d5-3394d4a1eaf6,Elizabeth,Green,787-712-2014x8388,458517
227de38d-1d67-471e-b0e2-75bc87fec6cf,Kevin,Smith,001-964-649-5803x08302,461787
4a224dee-97d6-4ecb-8059-373f06be2f8c,David,Andrews,+1-333-645-2645x603,824146
d9403626-efe5-49e5-9a1c-201cb9e95a53,Peter,Cunningham,713.360.4118x844,173728
95e7a730-0329-4f55-90ed-2dbc34cd4dad,Matthew,Bryan,209-349-3070,352741
5654ea48-d5be-4b3a-98b1-15905e0f2e7c,Eddie,Brown,726-357-4095x9065,558864
dc6f07a7-af6d-4769-b600-02948cd8de5b,Michael,Hansen,+1-378-370-8170,996414
15fa9d37-f670-453c-ab17-c575f0c091a4,Sabrina,Campbell,(818)908-2242,225395
bd48682e-9783-4857-a9ad-ec26464c8129,Todd,Rowe,001-233-468-2704x40979,391727
252bed51-c432-4cdb-a94e-215ee87a3ee9,Cynthia,Andrews,+1-630-506-1966x8107,978679
a0044a9a-4b06-40a5-a712-4ee63d69c1d0,Joshua,Santiago,739-519-0654x5589,818765
027a917a-9681-40ce-8138-bf369f66f465,Julie,Mullins,001-747-228-3411,103369
58764d8b-5613-4f47-bca1-79f703f15462,Lisa,Hale,881.965.5681,108274
b887d017-2a81-4925-90e7-372a93e5064c,Michelle,Campbell,8658113771,339974
a47f3512-dcbd-40e0-b12e-801ba292bab3,Juan,Willis,5239130099,338660
74b678c9-d2af-498a-8067-7805a7808bb5,Carol,Swanson,(352)616-8662,392788
66099fef-3d15-46b2-9d18-d06815f3915a,Amy,Wagner,001-981-877-0808,203041
bd80c5f8-b9f8-4835-8dc4-bd715570374b,Ariel,Stuart,8154724021,540168
baf8f121-aafc-4fe5-a706-7febb1e7bf8e,Johnny,Phillips,223-826-3731,196238
b9534b42-e509-49b4-9093-13e67187d9f2,Kathleen,Daniels,922-814-3048,541833
731e0286-3d68-40e3-8e18-26cdb8339578,Juan,Pennington,+1-464-428-5010,437954
5214db93-df4d-4145-91ce-752411f9ccae,Anthony,Willis,(719)538-1846x352,922568
8c437c91-6225-4c51-981e-880eacc5ea1d,Manuel,Williams,001-891-338-2118,907050
34b517ed-45fd-4ef2-bb54-17228582410f,Nicole,Wade,+1-596-784-6364x635,944493
5605f6ca-11c4-41fd-b3bd-db32a2dba0f9,Kelli,Hayes,(576)296-5680x034,850667
4e507bb2-d46a-4fd8-9096-453a1ca3bcff,Ryan,Cantu,396.970.8140x9908,567846
b7950207-b684-4480-bd10-38e26e2c39af,Cynthia,Erickson,+1-896-902-5683,915474
e75fa690-c0da-4fac-a46a-9e04c64476aa,Richard,Kramer,748-779-8415,770166
133f0928-95be-4ee7-94d9-767db8e158f8,Barbara,Wiley,387-470-8878,403657
3cadda2b-6d91-4987-b1e9-651a77597345,Alexis,Massey,332-232-8333x56396,299380
94018ae4-08fd-4854-b215-4cf970a31ed7,Courtney,Diaz,(711)687-9486,929892
6b7a84bc-c76d-40ad-9ddb-0a2ceff1d197,Chad,Ford,(477)724-7111,219558
58d03450-d0f3-447c-9071-54f4f77f0f6c,Rhonda,Zimmerman,+1-805-693-4522,219142
0997aa04-a0f0-4720-98a8-f6bdcfd8753b,Michelle,West,001-302-391-0779x009,475328
f6204fb9-b94d-4beb-b32d-1540b9a62fbc,Lynn,Mullen,(491)912-6067,340065
9ed9dbcd-3e41-408b-9a4e-452e1d1511d8,Sara,Charles,001-491-371-0612x5589,453893
3bd6c26f-7571-498d-9bc7-32fecd5a6c65,Rodney,Freeman,001-939-589-2822x28826,994839
cc0154dd-a621-44b4-9868-f86d4747f53c,Zachary,Jimenez,001-711-317-1373x442,491291
41a6d625-4249-4a8b-8a5a-b6dfecfb6d87,Michelle,Henry,803.945.7904x03459,873239
aa7184ba-9e21-409a-8892-5f2b5eecde8c,Gregory,Brown,288.405.3449,838960
2f31d2cc-5774-4aac-9fa5-4e2afd881d1f,Joanne,Flowers,+1-264-692-3105x84320,285059
5bac317f-8f4e-4eba-ae40-5174c1035a92,Kevin,Harmon,(697)439-2450x781,943990
fc4a6ebb-a23d-43d2-b2d7-c243c744dca5,Donna,Osborne,306.697.8011,755642
047bc6ee-dbd3-4fbf-b0ae-206f7fa7397f,Patricia,Johnston,(991)696-4777,141499
d86f07af-fc24-4383-91ae-b04f0cbbf2a6,Lisa,Huffman,001-361-997-9280x23960,690903
a22acbce-cd6e-458f-bcb8-5b5442b66253,Beth,Dixon,+1-536-692-4668x636,927673
f7f4e2b6-5984-4571-ba7d-df152f121bd5,Dana,Rush,7602297159,715449
244ca7b4-60c1-47e3-b048-49239dd1e92d,Timothy,Clay,(726)410-6885,800721
8a974c27-bee2-4792-b730-92fca6a2ee89,Emily,Marshall,(776)790-5072,103783
a67489cf-712c-4e7f-9774-ab0ada2eb86b,Daniel,Erickson,+1-478-653-1902x49153,356260
7c831e28-8b8b-4821-b71f-222d5b2f059a,Amanda,Tran,504.450.8526,651823
c5a8ca48-db5f-4b7d-b75d-b3028546f557,Denise,Nichols,+1-387-604-2487x93268,349363
ca268790-4b45-4d06-bbbd-492dce2c1236,Katherine,Price,001-700-633-9815,708124
c966d096-03a6-477c-bce4-7ead2c9d83c8,Jerry,Hardy,(990)400-4395,150804
106babb3-59ba-4581-82c9-6707d9e6f8ba,Michael,Flores,+1-759-731-0125x67396,149365
d2864700-55b4-4895-bc1a-5650fdf5b109,Elizabeth,Johnson,879-681-9808x943,549624
8bb5e6c7-2378-4c53-89a9-896c6b17758e,Martha,Levy,001-545-642-9651x07057,847302
6d639add-cd48-4a88-83ae-549f99529802,Roberto,Cooper,6284514605,299157
4c5ff99c-3dfb-4aad-bc07-a663cc9eaa02,Joshua,Lyons,(373)618-3315,475551
dbbe9e45-6406-4fdc-ab2e-9f3920ad9578,Joseph,Torres,+1-403-918-6312x228,784950
eed8b29c-5906-40ee-bebe-3a23020d5815,Jimmy,Macdonald,839-966-3500x34762,399520
0ba58787-34bd-4797-b2f9-8ef0e0cc6001,Anthony,Ross,(482)573-5460x270,979090
8dd34c79-35e6-471e-9c96-799443630034,James,Stokes,+1-215-737-6615x4769,653656
807cd7b5-4112-4716-b8a1-43101ef81ab4,Donna,Mills,532-633-2614,430296
32a94743-db44-4778-8f8d-170ec28ba295,Molly,Williams,489.953.2938,192638
07551de3-e92a-4f7c-aee7-516efbb2d30a,Zachary,Pittman,+1-537-335-8805x05081,750450
aef3eb0e-2787-417e-ad93-e3f7c47e6f8e,James,Welch,719-716-3792,950022
a0df09f7-27a1-40f6-8132-d2f37dfc804d,Alan,Alexander,(877)252-0581x28548,100507
cf436abf-c5b9-4059-8481-a52f63e4d597,Robert,Holloway,577-959-0370,721727
907c2242-5f49-4553-95c3-58f849ca5515,Rebecca,Wu,819-265-3425x136,834805
52df92e9-1ce2-4a1d-bcd3-ee911beffed8,Matthew,Welch,(682)936-0157x73905,857923
fa843cc6-253b-4a21-b2a3-c0fb647c3437,Craig,Armstrong,(241)401-7989x85473,857518
54571d7d-f188-4f53-9505-20e0ea9a72f2,Zachary,Brooks,(848)779-6934x08481,692766
a48465fe-0f9b-4579-bc0e-7983adbe323c,Monique,Cardenas,9794423508,984011
719452e4-ba39-4428-89e3-337488d115e5,Tara,Acosta,(855)313-4844,278327
ad70ed1c-a07b-4a62-8fa6-15e670888ebc,Jordan,Campbell,001-367-850-0548x145,960008
fb5d812b-a0e8-4b94-bb86-67d93c2a4594,Bob,Arnold,296-878-6124x5700,581437
bd0de1be-b5e5-4e24-9002-ffc38e727f3f,Gregory,Schmidt,9349962905,297017
a645f20d-8b62-46ce-a363-b4d1211f9ca0,Jennifer,Wood,(348)316-9429x03585,235510
13459d94-952a-4760-a645-b3741ee57dcc,Kimberly,Townsend,001-365-880-5216x12427,896789
8d14eff7-4c65-460a-9b6b-d03f3e6fdc71,Cristina,Lee,(434)230-4146x648,222744
4472dabb-0627-4005-8d42-1db86b2c928d,Amanda,Holmes,(241)972-6978x155,604094
49eeb62d-980d-4da7-beee-f8664808b897,Cheryl,Hill,+1-950-771-3639,904366
7c493e21-5182-4b0a-b203-8d51858359ba,Tiffany,Vance,797-719-4209x99304,582250
f67592cd-8c25-42ed-a4f9-b3179e2d0727,Candace,Byrd,200.752.3960,513943
8f8f61a2-41b1-4891-9bde-d18babb8149a,Scott,Vega,572.285.1931,352527
988ef024-8a46-4703-881f-c1d8c46b1bdf,Dana,Berry,(265)290-4632x4307,137111
e6c7f9a6-8ab9-4e5c-9542-f6bd6d716c92,Candice,Perez,351.772.7919x242,211964
1e5516b6-4d65-4413-95b4-b8c8eb86dd38,Troy,Preston,+1-870-945-1615x257,802784
9de816be-cfc3-41d1-968b-927c780be486,Ralph,Fisher,569.405.5763,307437
9b9841fe-9125-41b3-93ca-d81ccdeef381,William,Logan,577.657.5990,455208
48df4aa7-ec0c-4fb6-be4e-8a9fd0efb300,David,Reese,282-354-4634x17664,193065
c1651253-bb9e-4db6-985e-d3f3de7af259,Javier,Fields,5616281084,234744
8b02b1c5-d70c-466b-8213-9ffb8358be3f,James,Pruitt,+1-269-909-0677,247719
87dcb287-13d2-43ac-8e6d-182bba07481d,John,Hernandez,(735)983-3885x3526,371206
e882ea2a-9f9a-4d2f-97c5-4c000783d214,Ricky,Levine,270-388-1489x031,787666
cc61c50d-de6f-4504-ab06-2c8f3ee2f8cc,Sylvia,Sanchez,769.290.1091,818606
a5d3ad58-0e94-45f0-9da2-c773ccf72ccb,Kimberly,Fox,(779)633-2298,433973
4acfa094-7e38-46cc-a2bd-240f6520bc7a,Felicia,Gonzalez,(695)989-2982,226847
96df8cf2-7b8f-4596-8109-ffdd15e16181,Barbara,Santana,(524)927-7796x78999,512410
5b3adf71-1499-455e-b30a-ce3f59516bba,Randall,Diaz,692.953.7885,942509
961f4897-1da6-4367-bd36-cd0f7793ec4f,Mary,Palmer,897-232-9925,533534
d67bab5f-cdd8-4269-b9d8-5b1d4f1433e3,Rebecca,Alexander,(627)779-7339x65809,514124
e338e01c-d413-4997-abc8-bd10bb2904e0,Brian,Ford,224-508-4428x86313,342605
7fa5a340-08f9-4d1f-9556-5e562eaf16e6,Brett,Gardner,4037479197,329044
7361ebde-7dd6-4747-859d-1d9c51eba018,Michael,Powell,612-878-1256x2093,841629
556192d3-6a23-41e7-9105-55f3cfc422de,John,Poole,210-213-3176x38396,226852
e91392f7-d408-4190-81bc-a6f542de46b0,Pamela,Patterson,705.739.9015x46230,231640
20fcab11-929b-4047-abdd-f68577dace5e,Tanner,Dawson,649-280-0542,228678
667da5c6-a097-4648-95e3-934b9c51196e,Wesley,Burns,742.681.7257,787550
4d514f1a-9a24-409e-bd66-0e969eeacbf7,Laurie,Abbott,485-505-6319,413617
6dccc2d4-0b6f-4fe4-b67d-49f9e6ca3ba0,Michael,Horn,+1-256-855-6473x2480,251257
23e8735a-0637-4a3d-ad26-4775e1ca1126,Christina,Holder,(634)515-2557,880406
65f28281-c6c0-41d7-81d8-e1d466c86855,Grace,Sanders,446-385-6986x87004,875385
ae3f66bc-edcd-4b70-8a07-696a4cdb3795,Eric,Palmer,760-739-6037x6095,293232
45379205-84a1-4392-b1a7-0bc3835e15c8,Daniel,Price,+1-569-855-2758x716,871638
15cddf62-7aac-472c-9701-b607c9c8b3b9,Timothy,Levine,(668)437-8616x0284,720164
22830d7d-cc71-41f3-8420-a46a8048894e,Sabrina,Gonzalez,+1-325-912-9951x70486,925323
501c15b7-df4d-49e0-888e-26cc05c3afaf,Andrew,Stephenson,5768749321,761403
44565806-b6d0-49a2-9fba-07ba9e39db39,Kelly,Sanchez,(829)481-3743x3927,921210
621bd072-83a6-492a-af5a-063a793bdda4,Jennifer,Adams,+1-244-633-9100x7027,679085
27479c75-da5a-499f-9533-b332b987af49,Adrian,Beasley,205-581-7898x7495,501696
ca0b8beb-2a71-45c1-8cc8-5dfb70e6e80d,Crystal,King,+1-877-417-1788x1674,206645
bb18b292-5c96-4f75-9997-643f9eba7345,Chris,Henderson,001-630-374-8330,215556
d33c4c51-8640-47e7-8bd1-dc00f53761a2,Christopher,Love,001-653-457-4462x55958,554047
e2006e80-93a8-42de-bd3e-2453659ae5b0,Patricia,Johnson,828-417-8791,387209
0a0a6319-9df1-4180-97bf-a6a108b47c64,Kevin,Jenkins,(815)918-6844x8734,254755
5d702c23-b13a-49aa-af56-812e26ab52e1,Karen,Smith,(791)709-0159x1429,682761
43228447-ac0b-4c03-88e8-170e28d864aa,Autumn,Miller,(287)485-0221x585,701657
0eb883db-1e7f-46e9-8e9d-1efc425d30f3,Victoria,Foster,828.554.4845,889538
abfbb722-4244-4af5-b251-852cd446d733,Kathy,Sanchez,001-200-456-8645x4231,401928
c872d645-51dc-4e3e-b5e2-64b9a41d7590,Brianna,Murray,829-977-5843,560678
54e57ca2-80e2-46c7-9be9-aa90aedced25,Sean,Hill,(231)217-0720,152941
ee9e0f02-caa3-4ea1-8d5e-90d192c78f43,Ashley,Curtis,268.489.5281x1701,683982
fe373930-3fdf-4569-846a-0bfb70a2c911,Vanessa,Hayes,727.616.8083x104,827933
eaf32041-1933-4f12-9279-371f78116a5d,Edward,Leach,586.751.5078x919,488922
1bd462cc-00de-49e8-8913-99712bb01892,Stephanie,Lowe,951.963.7528,787501
b33fa3bd-f1f2-4369-87d1-14313d9389ff,Tamara,Monroe,878-301-4249,419143
36b9b14e-45f1-41fb-8586-c019f1a9d190,Daniel,Cole,+1-840-231-3288,224716
4d889b74-d95c-4b4a-8ada-a9d1c40102b7,Timothy,Johnson,887.965.0035x335,658279
b675cc84-3997-44b6-a101-7d872148c1d3,Kenneth,Gonzalez,532-650-7183,855641
9a91ec02-0d82-440b-a26f-a1a0b82e9f04,Nicholas,Austin,917.942.3258,831831
253308ae-2ea7-433d-9db3-b2a60b0c77ab,William,Torres,(324)547-4988,147959
e66a3dd4-c0da-473d-a11e-825e8a624643,Alexis,Thompson,267.242.1637x099,537353
0e4b9ce2-004d-466c-a47f-128c3410830e,Anna,Sweeney,(305)693-6775x4219,541383
5f6ea9d7-b87f-4255-950f-550a7d3a8d06,Wayne,Cunningham,893-556-4838x71241,748189
7772a6d5-ba0e-477a-95d5-ef6f619f18f5,Ryan,Gordon,+1-527-431-3460x05691,559575
54ef568c-3cd6-4f2a-a1b0-b6be6ffe7971,Jay,Ramirez,+1-525-705-8286,315333
da55e508-c332-4054-964b-8e074845ae25,Kimberly,Young,001-565-408-6153x09891,436889
84b0e3e8-519f-44b9-9a47-c68f3e489f8c,Alicia,Gibson,9523098247,928453
a893449c-e214-4a5b-b4c0-950367f44bb9,Thomas,Wilcox,+1-673-635-4600x70180,455015
a923e79d-c7cd-434c-b5dd-916e0233cee1,Savannah,Mahoney,+1-845-849-3472,233205
756c5989-80e9-4e86-bd12-ea7419bb3e10,Debra,Wilson,958.689.2991,311722
d8b8ae31-cfc2-4fe3-8735-7650e4ed779b,Dennis,Roberts,(942)204-9145x73628,978245
9e284e50-05a5-47a0-ba85-36adaafabd2e,Kelly,Allen,(748)939-9262,934830
3b45caa7-0b94-4668-830c-07c9b952d728,Luis,Thornton,8614731532,916234
a5b4dc65-79d7-4722-a0a2-ed26a086b58e,William,Johnson,(447)784-3906x8058,515680
5c858f03-3d6f-44ae-931b-cf5d6ae83e89,Charles,Johnson,916-538-9785x7322,968296
de70d89c-0361-4cbc-8081-e358ed044d39,Suzanne,Kent,(457)802-3516x40437,788801
2c7a0d4d-709b-443b-ab31-a4c8986db2ff,Elizabeth,Douglas,(930)611-5390x04830,425275
6d9c2fe5-64b7-4a64-87b4-1134a0fa8883,James,Barrett,+1-419-893-4505x655,387312
5550983b-6aad-445d-a48f-bbca1127c3e2,Robert,Scott,+1-530-802-0581x605,761518
61b380ac-240e-4a2d-946f-253086016b48,Tyler,Frazier,508.405.7802,521485
ac3b5de4-27b6-4fa8-9868-a01ef11fa837,Rick,Johnson,433.308.7315x426,820563
340035f9-cc83-4489-9eeb-ba501aca1048,Bradley,White,442.895.4603x9673,839695
01816cc7-af19-4123-909d-a72ce36d61e9,Darren,Adams,321-793-9982x4166,422090
471922fe-2664-4e3c-ad41-7b2fb1225933,Ashley,Barton,978-906-5912x787,484054
e9868e27-43e6-4e28-8ee2-0a1b3126b8a1,Duane,Strong,6753360867,281334
7b85af44-d526-4224-a158-fea4a88d7f91,Deborah,Mathews,203-565-4176x613,630988
e164c1bf-b7e4-4c2c-b6ee-df2a07f5729f,Christina,Carter,308-249-6530,126959
b4a68746-04b0-4a06-89c1-24e0d77da8c1,Eddie,Espinoza,304-506-9712x2163,484484
756dba19-c10c-4303-9e90-f7c731fdc450,Renee,Newton,+1-532-935-4661x135,701363
7bccf555-5a52-4936-94ae-f9f152845670,Robert,Garcia,(681)340-3621x412,216893
87012e5d-c086-4560-8f3f-271de867cf2b,Yolanda,Ho,756-391-1190x7337,180526
cd4eac7e-0e42-4498-92c3-0a8660741cba,Jeffrey,Sullivan,837.441.4597x41799,775365
c1aa3103-c94a-473a-af22-e231c16909b8,Joseph,Stephens,+1-770-536-7539x7393,406821
7a124a66-cc22-44c7-a067-884ee29c737e,Joel,Gray,(839)584-4270,609332
6e1adf33-6698-4e59-a02b-d9fa724b0d0d,Paul,Ross,(876)481-5337,356583
39e029c0-9327-4ef0-b8ca-7267f612ece2,Holly,Dean,733-429-7631,949066
ae042bc0-0c54-43ef-b5a1-472daaacf801,Samantha,Bowman,(510)466-2472x1112,386782
7ac67ed5-7b25-4368-8b30-f5658b49b136,Angela,Lopez,(417)265-0900,401200
127abdb0-07f4-4ae2-899f-715d084c2b25,Kimberly,Oneal,(857)564-2623x13858,864396
3471a20a-1244-4aae-a68b-a4178eeaef1a,Chris,Howard,619.559.3745x65830,188910
a9ca9597-5330-4b73-9fea-3866124fde3f,Adam,Hernandez,+1-238-990-8444x431,796220
63e74465-a1ae-466f-9194-d37614009a19,David,Wells,545-666-9732x71622,368928
86688451-0cc5-479e-bd7b-547e65db3139,Patricia,Wilson,(352)575-1984,707928
8f30cee4-0fee-4882-b6b9-f9c690f6c679,Katelyn,Thomas,001-485-598-7283,192802
970182f5-d6b4-44a5-a44a-ca363f7a7a77,James,Reed,001-376-528-1142,274830
ea7f83e4-351a-4d9a-b96b-9a28ea715f57,James,Brown,229-891-9872x525,508832
3f70894e-9d2d-4c7e-95c9-04d4498b349a,Richard,Davis,714.226.4089x39232,621500
1c70dc40-ceb0-4e32-bbda-b9746b8f22f7,Jay,Richard,2098651049,679578
2415076f-3b6f-4ca7-a563-6551b24e9d44,Anna,Bennett,+1-277-948-2262,810065
82410d58-966c-4e75-86ea-c22808b425ac,Gary,Vasquez,(237)953-5395x50870,799626
6f996019-d151-4883-baff-319e6bc65b87,David,Porter,420-906-6076x14221,875153
6455f671-608b-4023-bde1-ec320cf4457a,Tricia,Smith,001-208-317-4981x908,904783
8755b252-ddd8-44ea-9eed-2422a15a97dc,Cameron,Williams,+1-894-692-0963x456,730619
e6384597-0db1-4429-9cef-b9effebade16,Alexander,Reyes,(687)682-5810x4524,764766
19771008-1d70-409e-a636-44da323610c3,Travis,Hudson,620.364.7621x766,543515
b1a78cae-373b-49a8-bb44-d9e637c37fb7,Donald,Booker,733-622-4463,123573
bc4528e1-7ff1-4310-8dac-eda223e85448,Yvonne,Velasquez,+1-393-380-2834x1708,349202
143f16a1-cd7a-4104-872b-d084d6530a26,Russell,Thomas,(499)791-4759,370725
6be160fd-f497-4411-86a8-39d670fe867b,Paul,Adams,(317)361-7101,981809
2f0e6674-c4bb-47ec-90fa-429fe17b5d75,Victor,Calhoun,840.495.8028x6687,200743
46771518-440f-4aa6-ba76-5eace371904d,Donna,Fernandez,(386)703-8820,441339
0869479c-499e-4b00-ab0f-ec5207f3d927,Robert,Jones,+1-581-613-1909x91408,980903
c8abe0c5-a174-4651-b2c1-5665608adc37,Kayla,Green,(898)503-6875x447,527253
22f528fd-270c-4ea2-bf4e-394b5b16e170,Joshua,Burke,926-984-0502x06207,123477
920d08ec-d505-4b6e-a818-f9781227ecf0,Lisa,Conner,(758)776-0926,475693
4d663827-fa1d-41ae-a1e8-0f31dec20c31,James,Adams,472.642.6884,401179
2dc34177-0d9f-4632-bf61-03fee99fedc2,Jeffrey,Travis,001-333-577-2985,181915
1052625b-6ece-46e7-85d6-59f0ec31d9e8,Carol,Porter,001-896-925-8071x370,523011
2f463c78-9571-4764-a078-1510e7494ddd,Lisa,Mcdonald,506.498.9938x77316,447226
d6a2173d-7477-4230-992c-b87816776f94,Priscilla,Larson,957.690.6777x7576,873153
8424d6b0-2517-4976-b061-c24fb9f7c999,Kristina,Moody,+1-460-762-4116,115211
cb71b335-a044-447c-9db5-309bd1068b17,Benjamin,Gates,(767)868-9594x89052,115577
af0039bb-b4df-4246-a05a-5c347c34a8de,Christina,Flores,803.714.9678x5788,821721
ee31bc77-7c9c-4903-a11e-ed0dd7efc03b,Kimberly,Watson,(946)279-5276,734284
a2ce3619-9b24-4ab2-89ef-8df96f2733c8,Alan,Fuller,610-275-8105x17749,104893
f5370939-634d-435c-a860-56bbeb67a9c0,Allen,Miller,256.771.3075x3477,902555
3c990104-80d1-485f-a516-613fe1d98bde,Eugene,Lin,001-343-987-5137x347,650947
3fefefdf-a76e-4cf6-a797-2f566d935da7,Adam,Torres,001-818-622-0717x3818,261596
9324adf8-f2b9-4ef2-bbe0-598d4755766f,Savannah,Burke,350.763.3069x7757,175371
65e5ccf3-e41d-4719-bcd4-4e5906e0f5c9,Tabitha,Lee,725-449-3363x2418,435657
60875949-c56a-4119-b979-d0d0f98afd5e,Julie,Murray,376-492-6587x0849,361526
37f5772c-1fd0-45d3-abaf-49ebe367946c,John,Ware,001-396-294-4395x13486,723332
71bfb2e8-a4a2-43bb-80cb-b28849cd328c,Matthew,Shelton,001-411-712-6561,363463
7b90cf33-01d2-4d8f-8b41-673f320de295,Amanda,Thompson,270-269-9651x905,531302
3eae85ba-929e-40bc-bfdb-22a764b69903,Lisa,Hobbs,(986)882-8429x359,841366
aeadb623-544c-4103-839e-3add0c1c0b84,Katie,Dunn,530.663.3989x024,141528
c478df82-f3cf-4522-beb4-753e1064cc06,Elizabeth,Stewart,(895)437-9696,603406
f508dfc3-6a99-4e71-82b5-c35018e891dc,Mary,Wilson,959-269-6907x72181,785429
7810a931-c893-4abe-909f-2ff7854228b6,Joseph,Freeman,433.342.3522,202246
51ebe4f2-cd88-4f33-b639-ae4a746babd8,Caleb,Olson,912.767.7200x3302,203856
53c4ba8f-6ff7-4f40-aea9-a3ff6cc8960a,Marissa,Stephens,681.336.3894x5911,820062
9511bcd7-73a5-4d4d-a96c-92ab8dc5ce72,Thomas,Guerrero,246-718-3521x1039,914611
7a67cc0c-9095-4614-b84b-8c5853eafdfe,Trevor,Walton,001-991-314-7017x807,510551
94948575-7827-44c2-b4c3-f9f7510de659,Peter,Hansen,507.201.3187x53177,992485
26bcea9c-e8d6-4735-8b13-226b4971f005,Patricia,Watkins,801.610.1788x9194,765078
e2de33b7-aeb7-4302-b6d0-7b8794faa401,Holly,Graham,(616)934-9205,299454
5ff2fa33-3ef8-4ebd-9d11-9894c4209155,Tracy,Love,(283)821-3741,539590
3559a997-c34d-427b-9188-bf8bb47ecfa1,Barbara,Nelson,(301)576-3346x3365,333706
15c6765e-1f39-4192-bab4-b626dbbd6174,John,Reyes,399.942.0913x2176,271087
cdc2e94e-0a66-4d46-bc6a-8d964dae34a4,Deanna,Kim,2895418220,293093
1147860b-3e83-410f-832f-bdccca343476,David,Huang,(890)665-2193x171,194399
6a15c035-da1a-4dc0-936f-a5e0234d387b,Kaitlyn,Martinez,(474)896-7960,483497
f6232a3c-17b8-4867-8667-ce5a50f70980,Tammy,Miller,367-639-3501,318457
cf351343-41aa-47b2-8be7-4de1b7ac1b9c,Ryan,Barajas,783-720-3875x46058,524286
38e6c271-8b78-421f-a740-4ac53fa53b11,William,Walls,(920)252-1031x5120,880216
468bd11c-342e-4fc6-b822-abbd91c6e236,Michael,Hood,475-245-6027,131881
4368fa40-8599-47c1-8f27-ada415541cac,Richard,Carr,(444)987-6380,127029
8358d918-ef52-4061-93cf-4def51c648da,Russell,Johnson,(300)872-3231,787625
a5b5c0db-c8d6-4325-a374-9d44d03f22d5,Stephanie,Weeks,+1-849-920-6769x2691,226845
031e5205-a2ff-4688-bf75-ca4cdedd2b33,Lori,Thomas,001-646-397-0032x0381,314968
94d88b49-d5d0-4543-b515-b90497c98069,Betty,Soto,+1-855-598-5121x639,550548
6809f5c4-9095-4d94-951d-a584c6aa2c54,Christopher,Young,(624)988-7969x405,615740
bedc7794-5b94-4171-b812-4f9c99745dcc,Michael,Jacobs,227-490-0778,647839
807bafa6-1c96-465d-ade5-9dfdc0cdc50f,Joshua,Gonzalez,271.310.7065x028,559517
1585cf33-4031-40df-915a-b6fea9482b7e,Catherine,Monroe,779-423-4184x34495,172105
59e8e16d-2738-4ac4-9d67-677b9c91437d,Kim,Allen,993-253-2182,480459
72d592f4-33d3-49d6-b187-3d39d3c1c22e,Anne,Cobb,813.209.9531x7554,318283
949b9153-8415-4814-87e6-74224fb7af03,Kayla,Harris,426.713.0893x03202,154193
40ca72d6-31ff-4d5d-a077-d9ffbcfc36f3,Cynthia,James,243-251-7128,139169
034389a8-6ae2-4a81-812f-3c8af38ac0b3,Adriana,Schmidt,001-664-247-9948x80068,790669
22582f79-366a-4515-8d30-1ea04f8b8421,Brittany,Adams,001-408-615-0705x032,740211
4c6af099-97a1-4516-9fd2-d79aad72dfa0,Michael,Singleton,+1-339-599-1209x11645,535189
a0c91ceb-0271-4e5c-bcb8-5c1dddf64079,Matthew,Smith,521.362.4670,804567
2c36ec88-93d5-425e-9fd4-86d59f0f380c,Theresa,Johnson,991-375-5715,728161
87457307-25e1-4454-9f11-0667829cd988,Katherine,Hayden,(706)770-6396x50926,630578
f8c7cd09-eeff-4f62-808f-2c4e68bba263,Diana,Frank,+1-563-613-7020x641,593794
211ca205-f9e9-4f89-bd60-0991b2412593,Justin,Gardner,285.242.7937,300939
69c6ebaf-34b5-4285-88fd-40d400f736be,Mark,Giles,(969)247-0236x0585,137217
53ae9e21-cdf6-41fc-b5cc-2eb58a5e8e91,Michael,Davidson,(705)245-0001x14026,249389
73c7aab0-9903-4923-89ee-9a9db21bc4c0,Sabrina,Chandler,(220)214-0762x3972,692906
a8d6faf1-be9c-4fb0-b1b7-c7aa7f2e065d,Sharon,Kennedy,594.447.7460x563,588940
fb6ccbb2-a39b-4933-ad6d-7da3540f100a,Crystal,Bailey,+1-658-978-2828x704,267727
f2fd57b1-28f6-47cb-aab6-5f5986846bf1,Anthony,Phelps,308-472-1729x199,875652
715d17d6-d856-4cb2-ac16-90219cb95569,John,Cohen,(934)982-3219x27428,584977
b056bab1-c133-401c-872c-4d0c325017a5,Jennifer,Edwards,917-894-7288,537519
1218a094-17d3-4683-ac44-8c988dc65270,Robert,Thomas,(227)781-2692x587,540287
b3954b51-4578-49e2-9aa5-57bd55c22aa5,Hector,Levine,562-965-2725,578880
cbad5c41-948c-4af5-917e-b504fe546af7,Pamela,Hall,+1-966-549-6900x62319,490636
533050f8-52be-4274-a171-c0efc6b988fa,Jose,Jones,(948)604-6577,281247
4ab16ba2-7502-43fb-b5f0-6726f61bd3a5,Jerry,Meyer,(535)864-1646x10724,761018
b3c12d42-a866-407e-a689-d21f820685a9,Marco,Kennedy,(941)721-3066x16032,665721
4eddc86e-eb20-47db-bbb3-bcd520dee856,Mary,Reyes,541-839-3890,592784
421f62d2-cbd1-4942-8276-7854c0de46f3,Tracey,Joseph,7766003700,306887
976722a0-128b-4c07-9461-6801395482e6,Devon,Harris,697.842.5614,406034
b7e51652-bb49-497f-8567-9cd35f2de587,Heather,Adams,(404)834-3467x0739,139530
b1791761-95ea-4194-9a28-9f29d868bf60,Jill,Holmes,+1-644-723-8574x2050,409988
fc4c02a2-8ea1-45aa-b547-ebf1091fc9fb,Steven,Reed,466-411-2032x321,706017
a6749698-0190-4cff-84e6-481696374ecf,Scott,Erickson,+1-498-675-3322x39375,749404
0f8bc212-31f5-4230-99e8-8f1db5c10340,Valerie,Jenkins,001-461-264-2308,885464
ba6526bb-6e8d-4607-850c-d9eb9e263c3e,Susan,Lynch,572.535.1406x4811,160624
6ef9b7c7-64e3-4066-bee3-be6254647f1c,Rebekah,Crane,303.985.9302x4711,131524
dbdad661-5542-4394-918d-d1ef4648237b,Andrew,Harrington,(831)897-7723x556,877072
42848f7c-89e0-40f9-b379-08e57cf936c8,David,Koch,001-529-437-4012x0870,109700
f8c494ec-9ccf-4da2-8fb7-28b7eb478025,Maria,Snyder,912-597-8250x345,843710
0efcc71a-7b1f-4076-a5ee-76a259688998,Tammie,Mccoy,+1-589-867-6096x251,306631
5eddc894-1066-450b-b5aa-d8a33dbbb586,Kevin,Hamilton,(904)318-1197,426340
9a12a8fb-b153-45c8-937f-8738166cc5c1,Dawn,Wagner,524.987.3687,174170
5cc4edf1-878e-478b-9171-3ccfca173d54,Julie,Graves,(447)812-7627,195575
30767294-e488-4be1-ada5-724feeb3c0ce,Jocelyn,Mayer,+1-771-264-2276x176,360263
43a99486-305a-4712-a565-881c8e1cff76,Toni,Ross,(722)657-3056x8419,983091
4a64aa48-40b7-4310-8149-394103bd9a0e,Carl,James,001-469-727-0201x031,457420
7033de98-648e-4215-b142-957decbd1a3f,Jessica,Olsen,373-616-8481x801,122725
d448cad7-cf3e-47d8-8b04-49bd2979aa21,Ronald,White,+1-787-682-9340,422049
13752565-ef63-4fc0-a2fe-7b85eb413d1e,Andrea,Lane,(753)284-1210x4380,312586
b28cdac4-c124-4f03-a595-e7dcaa092a70,Shannon,Hunter,001-652-479-5112,606100
fb6e82d2-e32f-4571-9099-bee5bbbd50ac,Alison,Huff,316-442-7673,885384
e4be0e1b-63bc-41ef-b294-708dafa4b9f4,Madison,Shaffer,+1-816-530-8131x121,853637
3b5750a3-02a4-49cc-9c9f-5229a70dc614,Russell,Carlson,001-427-519-6346x526,691423
8a8c03e9-a290-4e84-9a4d-4f365b44419d,Kenneth,Ruiz,(646)484-8524x52925,586390
e31977cf-8f34-4fd2-9c07-8b965e87ae56,Jessica,Kim,(764)477-4215x10565,685663
ccb77323-7186-4d8b-b497-ad7adc4c22bd,Ashley,Moore,(814)469-3553,998578
ab63dc17-d35a-43e0-9596-6cc42b238c56,Patricia,Martinez,498.247.1147x02393,916479
005b8fae-7b47-4b3c-a5a1-7c985955814d,Darryl,Chapman,(325)678-6654x177,396449
370fd260-8cbf-4cef-b55e-78100247df43,Steven,Hoffman,980.494.1115,416908
27e55b30-63e6-47df-a7a3-34d24f5a0859,Robert,Wyatt,+1-266-203-9080,718667
ad3900c9-d354-4a58-916e-425b2f79362d,Ann,Benton,+1-611-765-9539x709,822381
c504ff89-4dc2-4961-a586-98f3769a8061,Nicole,Gutierrez,8689055774,750786
881fa465-841f-4db5-83ba-c8e9dc120e35,Sharon,Cooper,449-751-7088,374088
d30069bd-be26-4687-bce1-164cc77eb89c,Megan,Moore,293-286-2087x8437,820711
ffe9600e-9000-4385-9202-fd258cdac7d2,Richard,Irwin,733-985-3386,629759
4894b3a7-8e89-40d6-be3d-f4c79fcfe4db,Robert,Lewis,788-758-0618x1577,136572
32e1f381-4650-4798-8f48-d14eef0c8451,Terri,Bailey,+1-680-552-1086x63160,678419
4a7a1046-90c0-47de-a350-cd66e78e9717,Regina,Smith,971.908.5717,574595
cc86a57d-728e-4cb0-a812-3aa7ab494483,Michele,Bartlett,(758)399-5540x4635,838264
b4ae29ee-1279-4240-ab85-6a88bafae2b4,Ann,Morris,954.874.9749x98630,467118
b436b1db-864a-4f43-93b7-3e44db8086d7,Dustin,Archer,780-882-9315x77453,846404
76f5f3b2-5a94-4d32-a6a9-9d2d82840ad8,Thomas,Allison,+1-358-295-7589,623146
c6e0dd53-a5b6-4510-b65d-b0124818d563,Wendy,Mckay,(347)621-9497x200,886867
720cc2e0-f13d-4489-8b0d-794acbcfa004,Michael,Mckinney,765-646-1682x944,934950
8036bfbe-229d-4781-a086-43aafe4b8b35,John,Reed,(880)796-5744x896,675648
33891946-9c4b-49de-88ea-f3f14b90e984,Tina,Long,+1-281-673-5755x731,779456
a60c5343-c8fa-40d8-a452-cf4fb9ae6682,Catherine,Villegas,+1-897-591-3825,386347
1129cfb2-17c3-4abf-9c6a-21e811f41f52,Eric,Mclaughlin,522-605-7316,261319
b6c5d3d8-e19e-4baa-b91e-624e0d7353c0,Christopher,Berry,288-368-2414x84378,106949
d98da155-7a0a-4412-961d-ba704014bdc3,Nathan,Martinez,001-353-631-6402,175504
d96ed90c-da42-4843-80f5-801ae8d8a8f1,Ashley,Thompson,377-385-8881,705835
9f92b518-ae03-48c4-826c-ed9193e73acc,James,Parker,963-500-4623,700007
cd62b246-ccd5-4076-8cdf-0fcc4383c031,Aaron,Ruiz,(964)594-6207x8969,378592
1ad57824-2931-4bdc-ab75-c59274c62858,William,Duffy,+1-884-426-3531,526669
b64a1e6f-5836-40cf-8b29-47f98ed1bed6,Evan,Johnson,+1-759-606-3714,807266
729d8332-3353-4f31-a41a-127b523a58e6,Vincent,Ramos,(799)877-4224x3561,607168
328cb582-5090-4b71-a857-9f4da990c122,Kelly,Phelps,597-483-3984x25363,477812
190024fa-f8dd-437b-b4bf-7a301102d69f,Stephen,Solis,359.412.0030,444584
9f426c31-5dca-4444-b249-82dda1917605,Teresa,Jones,001-763-340-4887x48057,446699
44ad371f-c83f-47cb-ad7a-cc21d9587168,Mario,Reynolds,8322531831,434284
82e898f4-9e9d-4233-81ce-96e5ee08e588,Jennifer,Perez,603.482.4228x89422,733843
6b7fa986-ecf4-41a0-a0ad-a68d8ecac190,Jill,Villegas,638.411.2475,262778
993eb28a-6055-4993-bc92-39ab69014fa1,Wendy,Carrillo,9749582480,887667
f8b32baf-7923-4330-aedf-f2512ea19c96,Keith,Schmidt,(647)677-9783,431090
933875a1-a7c4-48e3-a894-430225ee3f17,Richard,Dixon,+1-637-638-6655x20952,198935
